,Idade,Qte_Categorias,Limite_Credito_Mercado,Estado,ClientId
6252,32,2,967.0907,Minas Gerais,351820
4684,43,2,0.0,São Paulo,350252
1731,44,2,0.0,Rio de Janeiro,347299
4742,59,2,1191.521,Minas Gerais,350310
4521,27,1,1249.9598,Rio de Janeiro,350089
6340,37,2,0.0,Rio de Janeiro,351908
576,32,1,1389.0160999999996,Rio de Janeiro,346144
5202,22,1,1015.2861,Minas Gerais,350770
6363,40,1,1137.9422,Rio de Janeiro,351931
439,42,1,856.7925,Minas Gerais,346007
2750,57,3,0.0,São Paulo,348318
7487,56,1,0.0,São Paulo,353055
5272,47,1,0.0,São Paulo,350840
5653,41,1,1540.0721,Minas Gerais,351221
3999,19,1,1109.2851,São Paulo,349567
6033,36,2,1197.9927,Rio de Janeiro,351601
582,57,2,0.0,Rio de Janeiro,346150
9930,40,2,1667.766,Minas Gerais,355498
7051,43,2,0.0,Rio de Janeiro,352619
8158,37,2,0.0,São Paulo,353726
9896,40,1,1018.911,São Paulo,355464
2249,35,2,0.0,São Paulo,347817
4640,44,2,0.0,São Paulo,350208
9485,37,1,881.4110000000002,Rio de Janeiro,355053
4947,62,2,0.0,São Paulo,350515
9920,49,1,2045.1094,São Paulo,355488
1963,34,2,1474.8723,Minas Gerais,347531
8243,29,2,1488.7401,São Paulo,353811
6590,30,2,0.0,Rio de Janeiro,352158
8847,40,2,1343.2023000000004,São Paulo,354415
321,30,1,1414.4175,São Paulo,345889
2678,38,2,0.0,São Paulo,348246
4625,45,2,1038.2147,São Paulo,350193
4949,36,2,0.0,São Paulo,350517
8328,34,1,1466.7976999999996,Rio de Janeiro,353896
3337,56,1,993.4083,Rio de Janeiro,348905
5589,37,1,1054.8931,Minas Gerais,351157
251,34,2,0.0,Rio de Janeiro,345819
3973,38,1,1287.1878,Rio de Janeiro,349541
6630,36,2,0.0,São Paulo,352198
5547,38,1,1480.4568,São Paulo,351115
35,45,1,1342.6404,São Paulo,345603
8362,36,2,0.0,São Paulo,353930
1513,42,2,0.0,São Paulo,347081
9317,42,1,1060.3652,São Paulo,354885
39,41,2,703.4947999999998,Minas Gerais,345607
4819,26,1,1004.4657,São Paulo,350387
3465,43,2,690.1449,Minas Gerais,349033
1760,38,1,1106.4118,São Paulo,347328
2304,35,1,1479.3642000000002,Rio de Janeiro,347872
3723,42,2,881.2097,Minas Gerais,349291
8284,39,1,1524.6279000000004,São Paulo,353852
4993,44,1,924.3686,São Paulo,350561
8127,35,1,1100.6771,Minas Gerais,353695
3032,45,3,891.5894000000002,Rio de Janeiro,348600
7938,39,1,0.0,São Paulo,353506
3039,26,2,1014.4036,Rio de Janeiro,348607
9655,40,2,557.7639,São Paulo,355223
2545,43,1,0.0,São Paulo,348113
2592,40,2,478.6969,Minas Gerais,348160
1188,30,2,1282.6272,São Paulo,346756
7966,34,2,0.0,Rio de Janeiro,353534
6077,37,1,1332.0009,Minas Gerais,351645
107,36,1,998.0685,Minas Gerais,345675
1315,27,1,1009.1219,Rio de Janeiro,346883
8187,39,2,1623.9052,Rio de Janeiro,353755
2753,28,2,0.0,São Paulo,348321
9753,68,1,1535.4510999999998,Minas Gerais,355321
6231,48,1,1063.9648,Minas Gerais,351799
2876,35,1,1472.8552,Rio de Janeiro,348444
5323,32,1,1793.0509,São Paulo,350891
799,42,1,1336.3616,Minas Gerais,346367
3570,46,1,1747.0105,São Paulo,349138
2894,31,1,0.0,São Paulo,348462
2927,32,1,1115.8933,São Paulo,348495
8178,46,2,1274.7673,São Paulo,353746
971,25,2,0.0,São Paulo,346539
6687,38,2,1259.0322,Minas Gerais,352255
8575,45,2,0.0,Rio de Janeiro,354143
2020,30,1,578.0932,Minas Gerais,347588
9054,30,2,0.0,São Paulo,354622
952,66,1,1115.7701,Minas Gerais,346520
5359,42,1,1176.91,Minas Gerais,350927
3857,45,1,1398.5923,São Paulo,349425
5861,48,1,923.4796,São Paulo,351429
3145,48,1,693.2947,Minas Gerais,348713
3305,62,1,0.0,São Paulo,348873
3006,45,1,1149.5911999999996,São Paulo,348574
9001,32,1,1241.793,Rio de Janeiro,354569
7770,29,1,1256.8928999999996,São Paulo,353338
7438,32,2,856.1566,São Paulo,353006
7942,42,1,0.0,São Paulo,353510
9238,50,2,0.0,São Paulo,354806
1056,33,2,0.0,Rio de Janeiro,346624
3154,51,2,0.0,São Paulo,348722
3787,27,1,1350.9605,Minas Gerais,349355
9189,32,2,1442.7207,Minas Gerais,354757
7825,23,2,1047.5384,Minas Gerais,353393
7539,42,1,1199.1912,São Paulo,353107
7231,40,1,1399.3018,São Paulo,352799
764,43,3,1400.8032,Minas Gerais,346332
5019,53,1,1249.5494,Minas Gerais,350587
4903,42,2,1568.642,São Paulo,350471
8093,47,2,0.0,São Paulo,353661
6843,33,1,1295.7498,São Paulo,352411
2165,33,2,0.0,São Paulo,347733
1862,44,1,1753.0306,São Paulo,347430
7850,36,2,0.0,São Paulo,353418
9123,33,1,1028.7428,São Paulo,354691
2340,41,1,1192.7631,Minas Gerais,347908
5527,38,1,1300.1524,São Paulo,351095
6743,51,1,1382.145,Minas Gerais,352311
4003,26,2,1515.1017000000004,São Paulo,349571
1123,33,1,1584.5676,Minas Gerais,346691
8709,39,2,1020.2508,São Paulo,354277
4049,33,2,0.0,Rio de Janeiro,349617
7640,34,1,1640.1148,Minas Gerais,353208
765,27,1,1352.7795999999996,Rio de Janeiro,346333
2344,49,1,930.5934,Minas Gerais,347912
4071,54,1,1209.5274,Rio de Janeiro,349639
7216,41,3,1477.2698,São Paulo,352784
4216,56,1,969.5121,São Paulo,349784
7952,33,2,1078.6814,Minas Gerais,353520
5970,35,1,964.7359,São Paulo,351538
3350,35,2,1242.6864,Rio de Janeiro,348918
4695,37,1,1255.2955,São Paulo,350263
3399,31,1,1754.4375,São Paulo,348967
4081,33,2,0.0,Rio de Janeiro,349649
9149,43,2,1191.2746,Minas Gerais,354717
1224,47,1,1284.8611,Rio de Janeiro,346792
6292,33,1,1378.53,São Paulo,351860
3122,29,1,1407.2093,São Paulo,348690
510,31,2,672.3897999999998,Minas Gerais,346078
5794,57,2,0.0,São Paulo,351362
8181,28,2,1299.9176,São Paulo,353749
9417,33,2,0.0,Rio de Janeiro,354985
96,41,1,1028.2744,Rio de Janeiro,345664
6681,31,1,1552.7182999999998,São Paulo,352249
1512,39,2,0.0,São Paulo,347080
8791,25,2,0.0,São Paulo,354359
119,34,2,1851.7381,Minas Gerais,345687
7791,31,1,1526.2234,Minas Gerais,353359
6517,51,2,1559.0382,Minas Gerais,352085
33,42,2,0.0,Rio de Janeiro,345601
7887,30,2,2057.7078,Minas Gerais,353455
6830,43,2,1579.6048999999996,São Paulo,352398
5421,39,2,0.0,São Paulo,350989
1068,57,1,0.0,São Paulo,346636
1347,37,2,0.0,São Paulo,346915
4747,64,2,0.0,Rio de Janeiro,350315
6005,24,2,0.0,São Paulo,351573
6039,26,2,0.0,Rio de Janeiro,351607
3817,29,1,1010.1277,Minas Gerais,349385
8446,33,2,0.0,São Paulo,354014
5269,34,1,1464.2222,Minas Gerais,350837
6897,48,1,1272.5398,São Paulo,352465
5309,36,1,1741.8039,Rio de Janeiro,350877
31,36,1,853.117,São Paulo,345599
5674,28,2,0.0,Rio de Janeiro,351242
4386,42,1,1397.0728,Minas Gerais,349954
29,29,2,596.9716999999998,São Paulo,345597
4202,30,2,0.0,São Paulo,349770
7507,44,1,1195.3052,Minas Gerais,353075
735,47,1,0.0,São Paulo,346303
2067,31,1,1207.1828,São Paulo,347635
106,32,1,889.3861999999998,Minas Gerais,345674
9644,35,2,0.0,São Paulo,355212
8894,39,1,753.3964,São Paulo,354462
8020,46,1,1578.6677,São Paulo,353588
2232,36,2,0.0,Rio de Janeiro,347800
993,28,1,953.5749,Rio de Janeiro,346561
9412,26,1,986.8415,São Paulo,354980
7058,71,3,1702.5205,São Paulo,352626
6789,46,2,0.0,São Paulo,352357
360,28,2,0.0,Rio de Janeiro,345928
304,33,1,1180.8289,São Paulo,345872
2627,25,2,825.0672,Minas Gerais,348195
8965,58,1,1459.8492,Minas Gerais,354533
4513,41,2,0.0,São Paulo,350081
5910,39,1,0.0,São Paulo,351478
8313,38,1,0.0,São Paulo,353881
3100,35,2,968.1446,Minas Gerais,348668
5703,42,1,562.2825,São Paulo,351271
3898,59,1,1045.6841,Minas Gerais,349466
5440,43,1,1665.2278,Minas Gerais,351008
7930,38,2,0.0,Rio de Janeiro,353498
621,40,1,1678.785,Rio de Janeiro,346189
7235,35,1,1330.8776,São Paulo,352803
2498,37,2,0.0,São Paulo,348066
713,41,1,1442.605,São Paulo,346281
8403,28,2,0.0,São Paulo,353971
2855,75,2,0.0,Rio de Janeiro,348423
4269,44,1,1126.1077,São Paulo,349837
2908,69,1,933.208,São Paulo,348476
8080,47,1,1307.471,São Paulo,353648
4516,32,4,1115.3723,Minas Gerais,350084
1261,38,2,730.2316999999998,Minas Gerais,346829
3160,28,2,0.0,São Paulo,348728
970,48,1,1383.3303,São Paulo,346538
3912,46,2,793.8521000000002,Rio de Janeiro,349480
5198,40,1,843.1502,São Paulo,350766
8846,53,2,0.0,São Paulo,354414
259,38,1,549.0101,Minas Gerais,345827
3790,54,1,781.2628,Rio de Janeiro,349358
9202,31,1,1209.6259,São Paulo,354770
487,39,1,1350.9677,São Paulo,346055
7907,39,2,476.8547,Minas Gerais,353475
518,48,2,1012.3824,São Paulo,346086
8342,34,2,0.0,São Paulo,353910
311,30,1,636.6942,Minas Gerais,345879
3231,36,1,1244.4552,São Paulo,348799
7932,40,1,1028.0065,São Paulo,353500
7457,43,4,1163.2227,Minas Gerais,353025
9783,49,2,962.5298,Minas Gerais,355351
5183,38,2,0.0,São Paulo,350751
8076,36,1,0.0,São Paulo,353644
6501,30,2,0.0,São Paulo,352069
6790,40,1,1360.9373999999998,Rio de Janeiro,352358
7772,50,1,1467.1076,Minas Gerais,353340
2737,31,2,586.6292,São Paulo,348305
7841,46,1,1112.8818,Minas Gerais,353409
6261,35,1,1225.7069,Rio de Janeiro,351829
8205,39,1,1824.9157,Minas Gerais,353773
1247,24,2,0.0,São Paulo,346815
9335,50,2,1275.5285,Minas Gerais,354903
4194,54,1,973.8253,Minas Gerais,349762
8000,36,2,1026.033,Minas Gerais,353568
7377,40,1,1154.6598,São Paulo,352945
3434,66,1,1597.3202,São Paulo,349002
5381,32,2,1418.2732999999996,Minas Gerais,350949
958,27,1,1325.7625,Rio de Janeiro,346526
416,61,1,1103.6803,Minas Gerais,345984
5741,42,1,1185.4671,São Paulo,351309
6727,36,1,0.0,São Paulo,352295
4381,39,2,0.0,São Paulo,349949
5196,22,1,1144.1584,São Paulo,350764
1112,42,2,925.7814,São Paulo,346680
2688,32,1,1082.3591,Minas Gerais,348256
6472,34,1,1489.6246,Minas Gerais,352040
8819,36,1,1231.8751,Minas Gerais,354387
7807,34,1,1062.8854,Minas Gerais,353375
3410,36,2,1389.9248,Minas Gerais,348978
80,34,2,966.4554,São Paulo,345648
4613,46,2,0.0,São Paulo,350181
1373,46,1,1355.5566,Minas Gerais,346941
1509,37,1,1037.7245,São Paulo,347077
6442,33,1,831.3430000000002,São Paulo,352010
3070,32,2,0.0,Rio de Janeiro,348638
3015,43,2,859.5788,Minas Gerais,348583
4822,32,4,0.0,São Paulo,350390
7821,28,1,1345.715,São Paulo,353389
92,36,2,0.0,São Paulo,345660
9420,28,2,0.0,São Paulo,354988
6599,49,1,1286.639,São Paulo,352167
4442,38,2,0.0,São Paulo,350010
7601,31,1,0.0,São Paulo,353169
3834,39,2,921.2626,Rio de Janeiro,349402
9701,38,1,1244.8353,Rio de Janeiro,355269
4321,34,1,915.6299,São Paulo,349889
3393,30,2,0.0,São Paulo,348961
4751,64,2,1287.5165,Minas Gerais,350319
7228,47,2,1272.8604,São Paulo,352796
9190,46,2,0.0,São Paulo,354758
2360,41,1,1106.2499,Minas Gerais,347928
1147,29,3,1017.1384,Minas Gerais,346715
5665,33,2,1110.6005,São Paulo,351233
8074,27,1,1298.106,Minas Gerais,353642
4942,36,1,1264.7742,São Paulo,350510
3662,28,1,1188.9081,São Paulo,349230
1562,31,2,1090.5259,Minas Gerais,347130
4112,30,1,0.0,São Paulo,349680
9049,33,2,0.0,São Paulo,354617
9275,42,1,756.8152,Minas Gerais,354843
8537,46,2,0.0,Rio de Janeiro,354105
794,29,1,0.0,São Paulo,346362
5853,40,3,623.8903,Minas Gerais,351421
7618,40,2,0.0,São Paulo,353186
1593,36,1,1352.168,Rio de Janeiro,347161
7417,37,1,1240.5303,Minas Gerais,352985
5266,31,1,1177.9928,São Paulo,350834
7146,41,1,575.6894,São Paulo,352714
88,46,3,0.0,São Paulo,345656
8694,48,2,1167.1106,Minas Gerais,354262
9731,29,1,1026.09,Minas Gerais,355299
9445,28,1,953.286,Rio de Janeiro,355013
6753,38,1,1430.067,Rio de Janeiro,352321
3501,30,2,1005.4867,Minas Gerais,349069
2233,38,1,1224.4776,Rio de Janeiro,347801
2802,53,1,1137.0928,São Paulo,348370
4423,40,2,0.0,São Paulo,349991
5662,40,2,0.0,São Paulo,351230
7169,34,2,1229.529,São Paulo,352737
8336,33,1,1223.2558,Minas Gerais,353904
2147,33,1,1012.8611,São Paulo,347715
7968,45,1,846.925,Rio de Janeiro,353536
6550,39,1,1096.9841,Minas Gerais,352118
7642,40,1,1015.1489,São Paulo,353210
6163,28,2,1392.4622,Minas Gerais,351731
1494,52,2,0.0,São Paulo,347062
7695,47,2,904.5,Minas Gerais,353263
7093,41,1,1326.7053,Minas Gerais,352661
1408,32,2,0.0,São Paulo,346976
6690,30,1,1274.065,Minas Gerais,352258
3400,31,1,789.9014999999998,São Paulo,348968
108,33,1,1500.928,Rio de Janeiro,345676
5635,27,1,1163.2068,Rio de Janeiro,351203
8481,38,2,0.0,Rio de Janeiro,354049
6603,35,2,749.8859,São Paulo,352171
1090,34,1,916.2242,Minas Gerais,346658
5559,36,1,1199.8407,Minas Gerais,351127
9411,40,4,781.1958999999998,Minas Gerais,354979
8142,41,1,1303.8582,São Paulo,353710
8663,39,1,0.0,São Paulo,354231
6595,24,2,0.0,Rio de Janeiro,352163
623,36,2,1457.4767000000004,Minas Gerais,346191
6870,36,2,1369.8023,Minas Gerais,352438
4813,39,2,0.0,Rio de Janeiro,350381
6552,34,1,1277.5809,Minas Gerais,352120
7529,33,1,1183.9275,São Paulo,353097
5795,39,2,0.0,São Paulo,351363
7436,57,1,902.12,Minas Gerais,353004
4217,35,1,1218.6361,Minas Gerais,349785
5940,41,2,0.0,São Paulo,351508
8500,37,1,973.2491,São Paulo,354068
6428,39,1,1245.8692999999996,Minas Gerais,351996
6826,51,2,0.0,São Paulo,352394
4130,39,1,1297.0962,São Paulo,349698
7801,54,1,1289.1497,São Paulo,353369
7753,28,1,1136.9083,Minas Gerais,353321
4721,44,1,1233.2215,São Paulo,350289
1650,34,2,0.0,São Paulo,347218
4140,33,2,1549.6979,Minas Gerais,349708
1617,40,2,0.0,Rio de Janeiro,347185
2029,33,2,1562.9758,São Paulo,347597
8517,20,2,1376.244,São Paulo,354085
4575,29,2,964.6225,Minas Gerais,350143
3992,38,2,388.4819,Minas Gerais,349560
7376,23,1,1665.9478,São Paulo,352944
6149,34,2,0.0,Rio de Janeiro,351717
4908,48,1,1093.4929,São Paulo,350476
5026,44,2,0.0,São Paulo,350594
8260,30,1,321.9764,Minas Gerais,353828
4731,35,2,0.0,São Paulo,350299
7548,62,2,1377.2734,Minas Gerais,353116
8134,41,1,0.0,São Paulo,353702
1606,40,2,970.0136,Minas Gerais,347174
4773,35,2,1219.5275,Minas Gerais,350341
8109,34,2,0.0,São Paulo,353677
6951,42,1,1028.7093,São Paulo,352519
6004,22,1,0.0,Rio de Janeiro,351572
7728,31,1,0.0,São Paulo,353296
3541,67,1,1032.678,Rio de Janeiro,349109
388,45,2,0.0,Rio de Janeiro,345956
1794,38,2,0.0,São Paulo,347362
8731,41,2,0.0,Rio de Janeiro,354299
4919,50,1,1280.3900999999996,Rio de Janeiro,350487
5537,41,1,1367.3324,Minas Gerais,351105
3872,39,1,1111.6991,São Paulo,349440
8868,38,1,0.0,Rio de Janeiro,354436
2254,36,1,1477.3364,São Paulo,347822
3412,26,1,1144.5032,Minas Gerais,348980
5459,36,2,0.0,Rio de Janeiro,351027
4955,33,2,835.0166,Minas Gerais,350523
7396,56,2,907.7876,Rio de Janeiro,352964
5414,40,2,1401.9770999999996,São Paulo,350982
7399,37,1,1286.4567,São Paulo,352967
7414,45,2,991.6967,Minas Gerais,352982
9100,35,2,0.0,São Paulo,354668
4851,48,1,0.0,São Paulo,350419
2025,45,2,0.0,São Paulo,347593
2615,63,1,970.0915,São Paulo,348183
7388,29,1,1336.8178,São Paulo,352956
2926,63,2,0.0,São Paulo,348494
1121,24,2,0.0,São Paulo,346689
2910,33,1,1394.5167,São Paulo,348478
8146,48,1,1237.6495,São Paulo,353714
7383,39,2,1300.5166,Rio de Janeiro,352951
3482,37,2,0.0,Rio de Janeiro,349050
795,36,2,1082.3911,Minas Gerais,346363
1575,23,2,0.0,São Paulo,347143
6176,38,2,1036.5351,Minas Gerais,351744
6266,33,1,1360.82,Rio de Janeiro,351834
2458,88,2,0.0,Rio de Janeiro,348026
3312,31,1,1041.5884,São Paulo,348880
1253,55,2,1268.1765,Minas Gerais,346821
6834,50,2,1601.3959,São Paulo,352402
8794,29,1,2094.9021,Rio de Janeiro,354362
3837,23,2,0.0,Rio de Janeiro,349405
4398,39,1,0.0,São Paulo,349966
3595,32,1,1068.0764,Minas Gerais,349163
6621,50,2,1041.2924,São Paulo,352189
8382,25,2,0.0,Rio de Janeiro,353950
2124,32,4,1277.8517,São Paulo,347692
3238,54,1,0.0,São Paulo,348806
5403,22,1,1252.6561,Rio de Janeiro,350971
5998,28,2,0.0,Rio de Janeiro,351566
5938,38,1,1153.7894,Rio de Janeiro,351506
2045,31,2,0.0,São Paulo,347613
1578,28,1,1603.7660999999996,São Paulo,347146
14,35,2,0.0,Rio de Janeiro,345582
2673,50,1,1156.2507,São Paulo,348241
7016,50,1,787.3761,Rio de Janeiro,352584
8720,28,2,0.0,São Paulo,354288
8849,38,2,743.0619,São Paulo,354417
4812,31,1,911.2575,São Paulo,350380
1084,24,2,0.0,São Paulo,346652
4983,30,1,1409.1681,São Paulo,350551
7155,45,3,1209.615,Minas Gerais,352723
2884,29,2,0.0,São Paulo,348452
333,30,1,1120.1381,Minas Gerais,345901
7204,39,1,1362.5806,Rio de Janeiro,352772
4367,50,1,1593.0407,Rio de Janeiro,349935
3079,34,2,1293.9801,Minas Gerais,348647
7203,33,2,843.0957000000002,São Paulo,352771
9909,58,1,1015.7928,São Paulo,355477
8864,29,2,0.0,São Paulo,354432
263,26,1,1106.5402,São Paulo,345831
4337,38,2,0.0,São Paulo,349905
8895,40,1,1220.3834,São Paulo,354463
8447,33,1,845.5782,Rio de Janeiro,354015
5903,29,1,1530.4003,São Paulo,351471
1498,25,2,1065.7034,Minas Gerais,347066
4190,31,1,1212.3765,Rio de Janeiro,349758
7485,32,2,0.0,São Paulo,353053
9643,41,2,0.0,São Paulo,355211
8310,43,1,1161.2167,Rio de Janeiro,353878
7590,42,3,1327.9604000000004,Minas Gerais,353158
500,32,2,0.0,Rio de Janeiro,346068
9155,39,2,1519.6326,Rio de Janeiro,354723
9414,53,1,0.0,Rio de Janeiro,354982
3095,19,1,1433.9051000000004,São Paulo,348663
4631,30,1,1541.5951,Minas Gerais,350199
367,35,2,1027.4291,Minas Gerais,345935
4058,39,1,1462.0001000000002,São Paulo,349626
8174,31,1,1251.7558,Rio de Janeiro,353742
4630,38,2,1264.4408,Minas Gerais,350198
6070,35,2,1745.888,Rio de Janeiro,351638
2664,29,2,0.0,São Paulo,348232
1026,33,2,0.0,São Paulo,346594
5908,46,1,665.8281,Rio de Janeiro,351476
5050,32,1,1256.8579,São Paulo,350618
6328,41,1,1095.0868,Rio de Janeiro,351896
9733,64,2,0.0,São Paulo,355301
1691,31,1,0.0,Rio de Janeiro,347259
673,32,2,1188.7935,Rio de Janeiro,346241
5572,34,1,0.0,São Paulo,351140
5766,40,1,1259.0985,São Paulo,351334
5156,33,1,1273.434,Rio de Janeiro,350724
733,43,2,1211.5205,Minas Gerais,346301
3526,30,2,0.0,São Paulo,349094
568,31,2,1211.9222,Minas Gerais,346136
9187,38,1,600.1381,São Paulo,354755
2922,34,1,832.6428,Rio de Janeiro,348490
7911,26,2,1488.5329000000004,Minas Gerais,353479
1558,35,2,1047.8381,São Paulo,347126
101,44,2,0.0,São Paulo,345669
3007,33,1,1647.0438,São Paulo,348575
7201,30,1,1366.5089,Minas Gerais,352769
303,33,2,0.0,São Paulo,345871
76,55,2,0.0,São Paulo,345644
6754,28,1,1575.9761,Rio de Janeiro,352322
8629,23,2,1156.3605,Rio de Janeiro,354197
1208,47,1,1282.5266,São Paulo,346776
7742,22,1,1186.8057,Rio de Janeiro,353310
8214,32,2,1091.9667,Minas Gerais,353782
8944,49,2,1507.7772,Rio de Janeiro,354512
8413,36,2,0.0,Rio de Janeiro,353981
1775,38,1,1072.8339999999996,São Paulo,347343
3473,42,1,0.0,São Paulo,349041
483,37,2,1152.1799,Minas Gerais,346051
2189,35,1,1656.9291,São Paulo,347757
346,34,2,1069.3705,Minas Gerais,345914
5481,44,1,1520.8615,Minas Gerais,351049
8361,35,2,1079.4433,São Paulo,353929
1472,26,1,807.8016,Rio de Janeiro,347040
5100,26,2,0.0,Rio de Janeiro,350668
6765,40,2,0.0,São Paulo,352333
8706,55,1,0.0,Rio de Janeiro,354274
4929,34,1,788.2953,São Paulo,350497
6329,34,1,1464.0711,Minas Gerais,351897
2609,46,1,0.0,São Paulo,348177
3,39,2,0.0,São Paulo,345571
2213,41,2,875.4105999999998,Minas Gerais,347781
4827,52,1,1112.8453,Rio de Janeiro,350395
856,49,1,1349.5602,Minas Gerais,346424
6977,42,1,1202.3383,Rio de Janeiro,352545
5885,29,2,888.1439999999999,São Paulo,351453
624,48,1,1291.2064,Rio de Janeiro,346192
290,42,1,632.27,Minas Gerais,345858
2018,27,2,1603.5868,Minas Gerais,347586
668,46,1,1225.4964,Rio de Janeiro,346236
8921,37,2,0.0,São Paulo,354489
8264,33,2,0.0,São Paulo,353832
9696,32,1,975.1407,São Paulo,355264
1631,54,1,1526.7748,Rio de Janeiro,347199
5170,31,2,0.0,São Paulo,350738
7205,29,2,0.0,São Paulo,352773
2522,35,2,0.0,São Paulo,348090
2215,36,2,0.0,São Paulo,347783
6968,50,1,1239.3654,Minas Gerais,352536
6496,44,2,965.5352,Minas Gerais,352064
6213,36,2,923.4069,Minas Gerais,351781
7032,41,1,0.0,Rio de Janeiro,352600
7420,38,1,1517.6671,Minas Gerais,352988
1107,34,1,1355.499,Minas Gerais,346675
450,38,1,1749.3764,Minas Gerais,346018
6289,63,1,1145.526,Rio de Janeiro,351857
9966,35,1,1259.2098,Rio de Janeiro,355534
135,50,2,1448.9505,Minas Gerais,345703
1785,40,2,1144.4684,Minas Gerais,347353
3404,23,1,0.0,São Paulo,348972
2906,41,2,0.0,Rio de Janeiro,348474
8304,69,2,0.0,São Paulo,353872
7492,28,1,2007.2496,São Paulo,353060
6100,30,2,1372.6271,São Paulo,351668
4504,37,1,1327.3017000000002,Rio de Janeiro,350072
5053,28,1,1152.6514,Minas Gerais,350621
5205,28,1,1799.602,São Paulo,350773
4080,37,1,1004.3184,Minas Gerais,349648
6918,24,2,1080.5807,Rio de Janeiro,352486
6802,32,2,0.0,São Paulo,352370
5206,38,1,1340.0676999999996,São Paulo,350774
532,32,1,936.9442,São Paulo,346100
4830,30,2,0.0,Rio de Janeiro,350398
4038,31,1,0.0,Rio de Janeiro,349606
4084,39,2,0.0,São Paulo,349652
3204,50,3,812.9002,Minas Gerais,348772
7110,28,2,0.0,Rio de Janeiro,352678
330,50,2,0.0,São Paulo,345898
4957,39,1,0.0,São Paulo,350525
3033,85,2,0.0,São Paulo,348601
7684,41,1,1267.7342999999996,Rio de Janeiro,353252
1597,32,1,623.2162000000002,São Paulo,347165
9919,26,2,0.0,São Paulo,355487
3597,40,1,997.4595,Minas Gerais,349165
9038,50,1,981.7302,Minas Gerais,354606
8001,32,2,0.0,Rio de Janeiro,353569
590,38,1,1446.0622,Minas Gerais,346158
647,38,1,822.5929,São Paulo,346215
9102,61,1,1376.5531,Minas Gerais,354670
8015,26,2,1052.4976,Minas Gerais,353583
3771,34,2,1399.5955,Minas Gerais,349339
9039,44,2,0.0,Rio de Janeiro,354607
5082,41,3,1428.8028,Rio de Janeiro,350650
7882,45,1,1218.7489,Minas Gerais,353450
9362,35,1,1371.7939,São Paulo,354930
4210,28,1,1091.6125,Rio de Janeiro,349778
8834,34,1,1071.366,São Paulo,354402
8699,32,1,1170.7021,Minas Gerais,354267
1795,35,1,956.9879,Minas Gerais,347363
2586,50,1,1369.5347,São Paulo,348154
8355,44,1,1135.2264,Rio de Janeiro,353923
2316,50,1,1553.9332000000004,Minas Gerais,347884
4185,35,2,0.0,Rio de Janeiro,349753
8827,41,2,0.0,Rio de Janeiro,354395
7072,37,1,1345.6062,São Paulo,352640
5234,41,1,1434.4361,São Paulo,350802
8743,25,2,742.372,Rio de Janeiro,354311
8670,55,2,0.0,São Paulo,354238
4768,31,1,0.0,Rio de Janeiro,350336
9972,26,1,1557.3976,São Paulo,355540
7144,55,1,1084.7727,Minas Gerais,352712
2913,40,2,0.0,São Paulo,348481
9871,34,2,1230.3443,São Paulo,355439
9893,40,1,1004.8053,São Paulo,355461
2075,45,1,1082.3137,Minas Gerais,347643
4302,44,1,1088.9593,Minas Gerais,349870
5822,35,2,0.0,Rio de Janeiro,351390
2149,57,1,1012.4706,Rio de Janeiro,347717
144,31,1,409.1555,São Paulo,345712
4963,40,1,1095.4229,São Paulo,350531
8159,25,2,0.0,Rio de Janeiro,353727
9030,51,1,1088.67,Rio de Janeiro,354598
4775,35,2,0.0,Rio de Janeiro,350343
8933,32,2,0.0,São Paulo,354501
7749,38,1,0.0,São Paulo,353317
9828,39,2,0.0,São Paulo,355396
9214,39,2,0.0,São Paulo,354782
6060,39,2,1576.9198,Rio de Janeiro,351628
9475,46,2,0.0,São Paulo,355043
6409,33,2,0.0,São Paulo,351977
3317,71,2,0.0,São Paulo,348885
7464,37,1,1083.0811,Minas Gerais,353032
3061,33,2,883.1148,Minas Gerais,348629
1355,39,1,0.0,Rio de Janeiro,346923
4514,38,2,0.0,São Paulo,350082
5505,53,2,0.0,São Paulo,351073
5250,24,2,698.8109,Minas Gerais,350818
4511,45,4,0.0,São Paulo,350079
1730,20,2,0.0,São Paulo,347298
1758,30,1,1297.5369,Minas Gerais,347326
6650,41,1,798.5764,Minas Gerais,352218
6646,42,2,0.0,Rio de Janeiro,352214
9860,30,2,1910.9174,São Paulo,355428
4139,40,1,1084.0734,Minas Gerais,349707
9393,43,1,1116.7788,Minas Gerais,354961
5123,29,1,938.3386,Rio de Janeiro,350691
0,42,1,0.0,São Paulo,345568
1864,45,1,1238.596,São Paulo,347432
543,51,1,1693.1213,Rio de Janeiro,346111
349,39,2,0.0,São Paulo,345917
6906,46,2,0.0,Rio de Janeiro,352474
9765,64,1,1367.7067000000004,São Paulo,355333
2523,24,2,0.0,São Paulo,348091
3464,37,1,1680.6687,Rio de Janeiro,349032
457,38,2,0.0,São Paulo,346025
3023,39,1,910.6856,São Paulo,348591
7261,53,1,1135.3773,São Paulo,352829
9515,38,1,1302.3314,Rio de Janeiro,355083
7872,46,2,1100.3109,Minas Gerais,353440
6625,41,1,1121.1948,Rio de Janeiro,352193
2534,35,1,1032.1471,Minas Gerais,348102
131,33,1,1308.6243,Minas Gerais,345699
3704,34,2,0.0,São Paulo,349272
1372,38,2,0.0,São Paulo,346940
6200,31,1,512.9347,Minas Gerais,351768
4856,44,1,1653.2620000000004,São Paulo,350424
4712,54,1,0.0,São Paulo,350280
5544,42,2,0.0,São Paulo,351112
1413,30,2,1366.2254999999998,Minas Gerais,346981
4113,33,2,0.0,São Paulo,349681
655,25,1,1217.0273,Minas Gerais,346223
8137,33,1,1257.8969,São Paulo,353705
4098,32,1,0.0,São Paulo,349666
592,34,1,1158.9712,São Paulo,346160
8708,48,2,1022.9056,Minas Gerais,354276
3123,30,2,809.6457,São Paulo,348691
3047,48,2,0.0,Rio de Janeiro,348615
3887,46,2,0.0,São Paulo,349455
5735,44,2,0.0,Rio de Janeiro,351303
2184,40,2,0.0,São Paulo,347752
2145,33,2,1378.4741,Rio de Janeiro,347713
7047,31,2,1216.9154,Rio de Janeiro,352615
3105,28,2,0.0,São Paulo,348673
9233,31,1,1383.1794,São Paulo,354801
9096,37,1,1787.5584,São Paulo,354664
2769,38,1,1282.1847,Minas Gerais,348337
5221,29,2,0.0,Rio de Janeiro,350789
5833,49,1,970.9287,Minas Gerais,351401
1732,49,1,1219.7328,São Paulo,347300
265,36,1,992.4051,Rio de Janeiro,345833
5144,25,1,1344.6726,São Paulo,350712
8267,38,2,0.0,São Paulo,353835
3937,26,2,0.0,São Paulo,349505
761,35,1,1241.5109,São Paulo,346329
7220,40,2,0.0,Rio de Janeiro,352788
8439,22,1,1149.9145,São Paulo,354007
3257,58,1,1023.4686,São Paulo,348825
4338,25,1,0.0,Rio de Janeiro,349906
4362,22,1,1081.171,Rio de Janeiro,349930
316,49,1,1470.6978,São Paulo,345884
8069,44,2,491.5709,Minas Gerais,353637
1851,52,1,1612.0966,São Paulo,347419
2484,39,1,968.6313,São Paulo,348052
9873,33,1,1192.7844,Minas Gerais,355441
9574,37,2,0.0,Rio de Janeiro,355142
1078,41,2,1467.2098,Minas Gerais,346646
8358,40,1,790.3595,Rio de Janeiro,353926
7333,43,2,1364.8785999999998,Rio de Janeiro,352901
1071,52,1,1030.2326,Minas Gerais,346639
103,36,2,0.0,Rio de Janeiro,345671
5748,45,1,853.2592999999998,São Paulo,351316
1418,40,1,1345.0478,Minas Gerais,346986
1658,44,1,929.1152,São Paulo,347226
5284,51,1,991.839,Minas Gerais,350852
1149,38,2,0.0,São Paulo,346717
7150,32,1,1105.5946,São Paulo,352718
1568,40,1,1140.0578,São Paulo,347136
1087,31,2,0.0,São Paulo,346655
6085,45,1,1563.5346,Minas Gerais,351653
8674,67,2,1031.0156,São Paulo,354242
8341,31,2,0.0,Rio de Janeiro,353909
7811,30,1,1041.4565,São Paulo,353379
6084,31,1,1171.53,Minas Gerais,351652
8773,34,2,0.0,Rio de Janeiro,354341
8757,44,2,980.0913,Minas Gerais,354325
1692,23,2,1137.5848,São Paulo,347260
4734,54,2,0.0,São Paulo,350302
3387,84,1,922.4234,Minas Gerais,348955
3646,70,1,1107.3889,São Paulo,349214
1683,52,1,0.0,São Paulo,347251
8,44,2,1420.5107,São Paulo,345576
6062,32,2,0.0,Rio de Janeiro,351630
6516,32,3,0.0,Rio de Janeiro,352084
4123,38,1,1038.9531,Rio de Janeiro,349691
8729,48,2,1690.2333,Minas Gerais,354297
6045,37,2,1306.2234,Minas Gerais,351613
567,63,1,1377.1566,Rio de Janeiro,346135
9161,40,1,1638.2337,São Paulo,354729
1803,26,1,1805.3051,São Paulo,347371
8501,29,2,0.0,Rio de Janeiro,354069
4900,41,1,1799.04,São Paulo,350468
1599,42,2,1159.6158,São Paulo,347167
7931,47,1,951.2059,São Paulo,353499
9547,34,2,0.0,São Paulo,355115
2823,59,1,1201.7007,Minas Gerais,348391
5467,33,1,1607.779,Rio de Janeiro,351035
3529,24,2,0.0,São Paulo,349097
8683,49,4,1952.3829,São Paulo,354251
1155,34,1,1523.0379999999998,São Paulo,346723
6547,30,1,743.232,São Paulo,352115
9088,36,1,1039.1417,Minas Gerais,354656
7620,27,2,0.0,São Paulo,353188
8296,34,2,0.0,São Paulo,353864
4540,32,1,1498.1454,Minas Gerais,350108
9134,40,1,0.0,São Paulo,354702
6482,32,2,1560.0168,São Paulo,352050
5826,29,2,1077.1257,Minas Gerais,351394
1190,29,2,0.0,São Paulo,346758
7444,29,2,0.0,São Paulo,353012
8520,52,2,0.0,Rio de Janeiro,354088
960,31,1,1088.224,Minas Gerais,346528
7454,46,2,0.0,São Paulo,353022
36,31,1,1452.6023,Rio de Janeiro,345604
7516,40,1,931.8319,São Paulo,353084
7644,28,1,0.0,São Paulo,353212
4438,68,2,1260.6151,Minas Gerais,350006
6161,38,2,0.0,São Paulo,351729
7744,36,2,0.0,São Paulo,353312
9587,76,1,950.5229,Minas Gerais,355155
8119,31,3,1320.8466,São Paulo,353687
6967,26,1,1055.2206,São Paulo,352535
5718,37,2,0.0,São Paulo,351286
577,30,2,1232.1766,São Paulo,346145
9833,41,2,2001.1776,Minas Gerais,355401
4102,33,2,0.0,Rio de Janeiro,349670
7646,32,1,1475.1126000000004,Rio de Janeiro,353214
4151,44,1,1535.4812,São Paulo,349719
3130,56,1,0.0,Rio de Janeiro,348698
4890,34,2,0.0,Rio de Janeiro,350458
9975,50,2,1139.5701,Minas Gerais,355543
7471,55,1,1193.2793,Minas Gerais,353039
1833,32,1,1306.2766,Minas Gerais,347401
9148,37,2,0.0,São Paulo,354716
4891,34,2,860.5517,Minas Gerais,350459
2287,26,1,0.0,São Paulo,347855
1330,46,2,0.0,Rio de Janeiro,346898
2771,28,1,777.7639,Minas Gerais,348339
3686,18,2,1761.395,São Paulo,349254
8283,57,2,0.0,São Paulo,353851
5928,36,1,1297.451,Minas Gerais,351496
637,48,1,1387.7815,São Paulo,346205
47,39,1,1378.438,Minas Gerais,345615
2602,28,2,1425.7470999999996,Minas Gerais,348170
1965,33,1,0.0,São Paulo,347533
2168,56,1,1432.4967,Minas Gerais,347736
5049,38,1,1222.6785,Rio de Janeiro,350617
3334,27,2,0.0,São Paulo,348902
3019,29,2,0.0,São Paulo,348587
8764,51,2,1161.9765,Minas Gerais,354332
9176,35,2,0.0,São Paulo,354744
1360,22,2,979.7582,Minas Gerais,346928
5798,54,1,1342.497,Rio de Janeiro,351366
9400,31,1,983.6003,São Paulo,354968
3251,43,3,1085.0882,Minas Gerais,348819
6300,41,1,1234.7504,São Paulo,351868
2251,25,1,1308.6619,Rio de Janeiro,347819
6027,44,2,1403.9365,Minas Gerais,351595
1175,39,2,0.0,Rio de Janeiro,346743
8799,34,2,0.0,São Paulo,354367
3279,37,2,0.0,Rio de Janeiro,348847
2973,56,1,1288.8249,São Paulo,348541
3396,71,2,0.0,São Paulo,348964
6939,43,2,0.0,São Paulo,352507
965,42,1,1246.2607,São Paulo,346533
8574,59,2,0.0,São Paulo,354142
742,29,1,1054.0597,São Paulo,346310
7514,64,1,1131.0952,São Paulo,353082
3314,63,2,1395.2993,Rio de Janeiro,348882
4898,40,1,0.0,São Paulo,350466
9340,45,2,0.0,São Paulo,354908
4672,23,1,1125.6831,São Paulo,350240
8618,41,2,1011.7923,Rio de Janeiro,354186
1217,29,2,1455.4156,Minas Gerais,346785
4397,39,2,521.0633,Minas Gerais,349965
6080,42,1,0.0,Rio de Janeiro,351648
2614,58,4,1064.5831,Minas Gerais,348182
2620,35,2,1289.9376,São Paulo,348188
8714,41,1,1099.4151,São Paulo,354282
7282,44,2,1893.1816,Rio de Janeiro,352850
3379,45,2,0.0,Rio de Janeiro,348947
7301,33,1,1447.5321,Minas Gerais,352869
9857,39,2,706.5761,São Paulo,355425
5605,58,1,1521.9933,São Paulo,351173
9813,29,1,992.5008,Rio de Janeiro,355381
5786,40,2,0.0,São Paulo,351354
8518,50,1,1211.5965,São Paulo,354086
6850,42,1,501.9459,São Paulo,352418
1516,37,1,965.5866,São Paulo,347084
5098,29,2,1452.9408,Minas Gerais,350666
7636,59,2,1541.1099,Minas Gerais,353204
9085,42,2,0.0,São Paulo,354653
8023,36,2,0.0,São Paulo,353591
2392,51,1,0.0,Rio de Janeiro,347960
586,53,1,1704.9184,Rio de Janeiro,346154
3519,41,1,280.8295,Rio de Janeiro,349087
7653,30,1,1229.2475,Rio de Janeiro,353221
8946,28,1,0.0,São Paulo,354514
850,46,2,1708.2655,Minas Gerais,346418
335,29,1,1821.2379,São Paulo,345903
6634,42,2,1521.6020999999996,São Paulo,352202
8972,32,1,794.5009,Rio de Janeiro,354540
7493,37,2,1403.6395000000002,Rio de Janeiro,353061
2868,36,2,732.1111999999998,Rio de Janeiro,348436
4872,32,1,0.0,Rio de Janeiro,350440
3550,51,1,1311.5676,Minas Gerais,349118
3842,28,2,0.0,São Paulo,349410
7262,40,1,1010.9027,Rio de Janeiro,352830
5824,36,3,0.0,Rio de Janeiro,351392
23,46,2,0.0,São Paulo,345591
1453,53,1,0.0,São Paulo,347021
1684,24,1,1404.5391,São Paulo,347252
2310,32,1,1471.0791,São Paulo,347878
9063,39,1,1217.7871,São Paulo,354631
9406,31,2,1319.9666,São Paulo,354974
381,36,2,1015.8311,São Paulo,345949
5814,40,2,1332.4552,Minas Gerais,351382
5550,44,1,1681.6584,São Paulo,351118
9308,27,2,0.0,São Paulo,354876
1618,27,2,1412.2368,São Paulo,347186
789,48,1,1679.976,Rio de Janeiro,346357
5983,28,2,991.5273,Minas Gerais,351551
8672,38,2,0.0,São Paulo,354240
4475,40,1,1103.4068,São Paulo,350043
5606,52,1,1253.9624,Minas Gerais,351174
9312,40,2,454.0885,Minas Gerais,354880
5648,35,1,1653.5876999999996,São Paulo,351216
6216,47,1,0.0,São Paulo,351784
2286,44,2,1579.5583,Minas Gerais,347854
9993,28,1,1550.6041,São Paulo,355561
7578,39,2,1320.7748,São Paulo,353146
1183,36,2,0.0,São Paulo,346751
6001,30,1,0.0,São Paulo,351569
5090,30,2,0.0,São Paulo,350658
2516,36,2,0.0,São Paulo,348084
4122,60,2,1253.897,São Paulo,349690
5521,37,1,1661.1542000000004,São Paulo,351089
5627,29,1,1329.5464000000004,São Paulo,351195
8360,33,2,1419.1809,Minas Gerais,353928
5872,21,2,0.0,Rio de Janeiro,351440
8612,39,2,1296.2619,Minas Gerais,354180
7727,63,2,0.0,São Paulo,353295
5968,28,1,1120.7044,São Paulo,351536
1180,34,2,0.0,São Paulo,346748
8762,60,1,0.0,São Paulo,354330
8235,37,1,1002.5218,Rio de Janeiro,353803
2818,37,1,0.0,São Paulo,348386
9964,34,2,1175.9348,São Paulo,355532
8703,31,2,1360.6782,São Paulo,354271
6608,40,1,1380.3355,São Paulo,352176
2820,31,1,896.8894,São Paulo,348388
7535,36,1,1032.9456,Minas Gerais,353103
2260,55,2,0.0,São Paulo,347828
2239,31,1,0.0,São Paulo,347807
6021,52,1,1007.5566,São Paulo,351589
782,41,2,0.0,São Paulo,346350
932,42,2,1923.9052,Minas Gerais,346500
6202,49,1,1166.2273,Rio de Janeiro,351770
2412,38,2,0.0,São Paulo,347980
6997,68,2,825.4711,São Paulo,352565
9115,36,2,1307.0092,Minas Gerais,354683
1156,49,2,0.0,São Paulo,346724
8107,50,2,0.0,São Paulo,353675
5805,38,1,969.3906,Rio de Janeiro,351373
4879,44,1,818.1171,Rio de Janeiro,350447
3309,28,1,1211.6411,São Paulo,348877
8961,44,1,0.0,São Paulo,354529
1702,22,2,0.0,Rio de Janeiro,347270
2492,31,1,1089.1417,Minas Gerais,348060
3706,44,2,1255.1298,Rio de Janeiro,349274
8276,32,2,1421.882,Rio de Janeiro,353844
286,29,1,1039.0728,Rio de Janeiro,345854
1608,39,2,1225.2461,São Paulo,347176
6631,44,2,0.0,São Paulo,352199
8278,36,2,0.0,São Paulo,353846
7315,33,2,1252.4117,Minas Gerais,352883
2252,33,1,1872.5794,Minas Gerais,347820
7415,29,2,0.0,São Paulo,352983
8365,31,2,963.9931,São Paulo,353933
1891,37,2,0.0,São Paulo,347459
5062,41,1,846.2213,Minas Gerais,350630
6120,40,1,0.0,São Paulo,351688
563,46,1,0.0,São Paulo,346131
291,41,2,945.2117,Rio de Janeiro,345859
4716,18,2,0.0,São Paulo,350284
7708,39,1,978.1936,São Paulo,353276
6349,25,2,0.0,São Paulo,351917
169,24,2,579.2981,Minas Gerais,345737
267,36,2,0.0,São Paulo,345835
4638,50,2,1396.7507,Minas Gerais,350206
7077,24,1,1011.9523,Minas Gerais,352645
3355,24,1,850.893,Minas Gerais,348923
8279,34,1,0.0,São Paulo,353847
315,37,2,0.0,Rio de Janeiro,345883
6728,33,1,1383.3596,Minas Gerais,352296
9495,33,1,1837.6847,São Paulo,355063
4067,32,2,903.2299,Minas Gerais,349635
245,40,1,1234.9758,São Paulo,345813
252,79,2,0.0,São Paulo,345820
1111,59,1,1308.5459,Minas Gerais,346679
4801,71,1,1491.0508,São Paulo,350369
1713,44,1,1499.6111,São Paulo,347281
50,44,2,1163.6337,Minas Gerais,345618
1835,38,1,1423.1614000000004,Minas Gerais,347403
7896,41,2,0.0,Rio de Janeiro,353464
3383,39,2,1331.9119,Minas Gerais,348951
6410,63,2,0.0,Rio de Janeiro,351978
4313,69,1,1154.6244,Rio de Janeiro,349881
872,35,2,1639.4389,São Paulo,346440
1254,46,4,468.7043,São Paulo,346822
8881,29,1,435.0442,São Paulo,354449
5851,33,2,0.0,Rio de Janeiro,351419
5702,36,2,0.0,São Paulo,351270
8103,51,3,1077.1474,Minas Gerais,353671
2098,43,1,0.0,São Paulo,347666
5128,38,2,1663.2865,São Paulo,350696
248,24,1,1030.9785000000004,Minas Gerais,345816
6561,48,1,1682.8657999999998,Minas Gerais,352129
1339,46,1,1280.2972,Rio de Janeiro,346907
7017,25,2,1828.7688,Rio de Janeiro,352585
2110,48,1,1383.1176,Minas Gerais,347678
1569,42,1,1166.4676,Minas Gerais,347137
1726,38,1,1122.817,Minas Gerais,347294
8384,34,2,0.0,São Paulo,353952
6940,46,2,0.0,São Paulo,352508
4395,20,1,1676.8556,São Paulo,349963
2420,46,1,987.5251,São Paulo,347988
3045,27,1,742.9843,Minas Gerais,348613
5503,24,1,1221.0978,Rio de Janeiro,351071
3703,40,3,1491.3103,Minas Gerais,349271
8191,40,1,1391.8097,São Paulo,353759
5331,46,1,1435.0082,Minas Gerais,350899
9808,39,1,767.6967999999998,São Paulo,355376
447,40,1,1258.322,São Paulo,346015
7894,67,2,1232.7669,Minas Gerais,353462
8728,41,1,1081.2852,São Paulo,354296
7828,40,1,1769.148,São Paulo,353396
1768,28,2,1410.3857,Rio de Janeiro,347336
6808,30,2,1154.7948,Minas Gerais,352376
4704,35,2,0.0,São Paulo,350272
3869,31,2,0.0,São Paulo,349437
1655,47,1,611.9654,São Paulo,347223
3187,45,1,1090.443,Rio de Janeiro,348755
683,40,2,1417.8257,Minas Gerais,346251
4170,69,2,788.3314999999999,Minas Gerais,349738
4477,52,2,1358.7001,Minas Gerais,350045
461,39,2,0.0,São Paulo,346029
5764,34,1,1857.3475,São Paulo,351332
7522,41,3,0.0,São Paulo,353090
4502,45,1,1644.5094,Rio de Janeiro,350070
9709,57,1,1379.3694,São Paulo,355277
318,22,1,0.0,Rio de Janeiro,345886
1145,28,1,0.0,São Paulo,346713
5094,37,1,0.0,São Paulo,350662
1393,32,1,1460.3362,São Paulo,346961
6623,28,1,1043.675,São Paulo,352191
1501,31,2,1441.6229999999996,São Paulo,347069
6408,44,2,1077.2693,Rio de Janeiro,351976
376,45,3,1172.3163,Minas Gerais,345944
410,23,2,0.0,Rio de Janeiro,345978
1660,37,2,1118.5284,São Paulo,347228
3151,39,1,1116.9562,São Paulo,348719
1623,38,1,0.0,São Paulo,347191
5609,40,3,0.0,Rio de Janeiro,351177
8532,35,2,0.0,São Paulo,354100
5802,35,2,0.0,São Paulo,351370
5306,51,1,1047.6082,São Paulo,350874
7086,38,1,1387.3195,São Paulo,352654
8897,51,1,1868.2557,São Paulo,354465
7488,42,1,803.8024,Minas Gerais,353056
9615,47,2,0.0,Rio de Janeiro,355183
9217,31,2,0.0,São Paulo,354785
1672,37,2,0.0,São Paulo,347240
2358,43,1,1631.5985,São Paulo,347926
8467,62,2,0.0,Rio de Janeiro,354035
274,28,1,1456.0544,Minas Gerais,345842
2473,57,1,1631.4646,Minas Gerais,348041
5489,33,1,1299.0763,São Paulo,351057
4771,36,1,749.7489,Minas Gerais,350339
2107,42,1,998.3647,Rio de Janeiro,347675
7500,47,2,0.0,São Paulo,353068
4414,27,2,1131.7421000000004,Minas Gerais,349982
8138,36,1,1096.4683,Minas Gerais,353706
8660,27,2,0.0,São Paulo,354228
8239,34,2,1499.4004,Rio de Janeiro,353807
2417,33,1,1113.7955,Rio de Janeiro,347985
8771,31,2,973.3819,Minas Gerais,354339
2236,41,1,1265.507,Minas Gerais,347804
3767,29,1,1454.7137,São Paulo,349335
9791,35,1,1183.3695,Minas Gerais,355359
9989,28,2,0.0,Rio de Janeiro,355557
9965,33,1,831.9905,Minas Gerais,355533
7323,24,2,0.0,Rio de Janeiro,352891
1383,23,1,1510.9728,São Paulo,346951
3101,32,1,1606.8041,Minas Gerais,348669
3921,59,2,0.0,São Paulo,349489
6685,34,2,0.0,São Paulo,352253
3194,26,1,1180.9787,São Paulo,348762
1941,44,1,889.1585,Rio de Janeiro,347509
7713,56,2,1194.9625,São Paulo,353281
4896,41,1,916.1291,São Paulo,350464
4782,53,1,1142.3318,São Paulo,350350
1496,38,2,0.0,Rio de Janeiro,347064
1957,54,1,1711.3762,São Paulo,347525
9171,54,1,0.0,São Paulo,354739
9745,36,2,0.0,São Paulo,355313
7332,42,2,1386.5049,Minas Gerais,352900
7949,52,1,1067.2328,São Paulo,353517
3017,29,2,1669.3076,Rio de Janeiro,348585
6746,39,1,0.0,Rio de Janeiro,352314
513,34,1,1335.984,São Paulo,346081
3934,46,2,0.0,Rio de Janeiro,349502
3025,39,2,0.0,São Paulo,348593
1199,41,1,0.0,São Paulo,346767
5028,38,1,1719.1387,São Paulo,350596
9784,39,2,0.0,São Paulo,355352
921,61,1,0.0,Rio de Janeiro,346489
4649,31,2,1426.3154000000004,Minas Gerais,350217
5332,29,1,1196.7017999999996,Rio de Janeiro,350900
1076,39,2,0.0,Rio de Janeiro,346644
6768,42,2,0.0,Rio de Janeiro,352336
9410,46,2,1079.784,Minas Gerais,354978
1671,41,2,1225.4565,Minas Gerais,347239
474,33,2,0.0,São Paulo,346042
9186,58,2,1163.532,Minas Gerais,354754
8839,40,2,1447.5797,Minas Gerais,354407
5758,44,2,911.1576,Minas Gerais,351326
6297,34,1,0.0,São Paulo,351865
2478,41,1,1266.7037,São Paulo,348046
5493,31,2,0.0,São Paulo,351061
3914,44,1,1683.9634,São Paulo,349482
2138,45,2,1052.6632,Rio de Janeiro,347706
5454,39,1,0.0,São Paulo,351022
5379,21,1,989.9302,São Paulo,350947
8985,41,1,1234.2869,Rio de Janeiro,354553
4023,38,1,859.8207000000001,São Paulo,349591
3485,33,1,0.0,São Paulo,349053
2455,47,1,0.0,São Paulo,348023
2464,40,1,1070.413,Minas Gerais,348032
8696,34,1,549.8081,Rio de Janeiro,354264
1369,50,1,1254.3764,Minas Gerais,346937
6688,22,1,1543.773,São Paulo,352256
7456,20,2,0.0,Rio de Janeiro,353024
9974,33,1,1225.3186,São Paulo,355542
1901,67,2,0.0,Rio de Janeiro,347469
4871,40,2,0.0,São Paulo,350439
4710,40,2,1622.6101,Minas Gerais,350278
7886,36,1,0.0,São Paulo,353454
1793,36,2,1617.5787,Rio de Janeiro,347361
2874,32,1,802.6266,Minas Gerais,348442
6217,31,2,0.0,São Paulo,351785
5213,29,1,1295.1499,Minas Gerais,350781
2245,58,1,537.7273,São Paulo,347813
1741,25,2,0.0,São Paulo,347309
1020,49,1,1734.349,São Paulo,346588
705,40,3,1682.8681,Minas Gerais,346273
4294,42,2,1375.6038,Minas Gerais,349862
5576,65,1,1201.0041,Minas Gerais,351144
7166,40,2,0.0,Rio de Janeiro,352734
8177,40,1,1286.4446,Minas Gerais,353745
908,31,1,1352.1371,Rio de Janeiro,346476
5193,29,1,1203.0758,Rio de Janeiro,350761
3077,33,1,1326.0335999999998,Minas Gerais,348645
9366,36,1,0.0,São Paulo,354934
594,26,2,1743.1813,Rio de Janeiro,346162
5304,42,2,753.0285,Rio de Janeiro,350872
440,35,1,0.0,São Paulo,346008
7606,31,3,1273.3146000000004,Minas Gerais,353174
4092,40,2,0.0,Rio de Janeiro,349660
6134,25,2,0.0,Rio de Janeiro,351702
10,31,2,1020.1672,São Paulo,345578
3776,33,1,1523.0272,São Paulo,349344
8999,38,2,0.0,Rio de Janeiro,354567
3708,34,1,0.0,São Paulo,349276
3780,46,2,1423.6062,Minas Gerais,349348
93,29,2,0.0,São Paulo,345661
9239,32,2,947.5355,Minas Gerais,354807
3949,43,1,999.0689,Minas Gerais,349517
5785,48,2,0.0,São Paulo,351353
4870,43,1,1079.6338,Minas Gerais,350438
4802,39,1,0.0,Rio de Janeiro,350370
4867,34,1,0.0,São Paulo,350435
292,27,2,0.0,São Paulo,345860
7888,31,1,793.4095,São Paulo,353456
7405,34,1,1637.5706,São Paulo,352973
5595,33,1,0.0,São Paulo,351163
2886,37,2,0.0,São Paulo,348454
6454,35,1,1275.1099000000004,Rio de Janeiro,352022
2542,41,3,950.208,Minas Gerais,348110
1765,43,2,1120.8804,Minas Gerais,347333
6800,35,1,0.0,São Paulo,352368
1877,55,2,631.2741000000002,Rio de Janeiro,347445
1981,69,1,1053.0373,Rio de Janeiro,347549
9729,23,2,0.0,São Paulo,355297
9608,44,2,0.0,Rio de Janeiro,355176
2685,60,2,0.0,São Paulo,348253
8930,69,1,1178.6692,São Paulo,354498
3458,37,2,0.0,São Paulo,349026
4541,36,1,1156.1724000000004,Rio de Janeiro,350109
2178,43,1,1163.6007,Rio de Janeiro,347746
4450,59,1,1039.9674,São Paulo,350018
3859,42,1,995.8013,São Paulo,349427
7623,61,2,0.0,São Paulo,353191
7654,38,1,725.94,São Paulo,353222
4519,38,1,0.0,Rio de Janeiro,350087
2517,36,2,1047.0265,Minas Gerais,348085
4836,26,1,1263.9217999999996,São Paulo,350404
2885,42,2,0.0,Rio de Janeiro,348453
7281,59,1,1136.5783,São Paulo,352849
6255,55,3,1113.6276,Minas Gerais,351823
4539,37,2,0.0,São Paulo,350107
5639,61,1,662.5071,São Paulo,351207
9459,47,1,0.0,São Paulo,355027
3481,34,2,532.9996,Rio de Janeiro,349049
1277,42,2,770.0219999999998,São Paulo,346845
3146,28,2,1167.555,São Paulo,348714
8262,33,2,0.0,São Paulo,353830
3205,42,1,0.0,São Paulo,348773
9892,40,1,1554.5543,Rio de Janeiro,355460
2742,41,1,1257.8523,São Paulo,348310
6076,24,1,1104.9527,São Paulo,351644
4047,21,1,1232.0078,Rio de Janeiro,349615
5731,45,1,1448.8918,São Paulo,351299
2945,20,1,1243.6542,Minas Gerais,348513
5790,27,2,0.0,Rio de Janeiro,351358
6794,54,1,683.3296,São Paulo,352362
6543,29,2,1319.6857,Minas Gerais,352111
700,32,2,0.0,São Paulo,346268
3574,32,1,0.0,São Paulo,349142
7699,36,2,0.0,Rio de Janeiro,353267
2515,40,1,0.0,São Paulo,348083
3000,40,2,0.0,São Paulo,348568
5820,37,1,984.596,Minas Gerais,351388
8581,43,2,0.0,São Paulo,354149
3684,35,1,1331.1173,São Paulo,349252
2995,29,1,1123.6734,São Paulo,348563
4252,33,1,1536.6327,Minas Gerais,349820
3411,37,1,1138.9992,São Paulo,348979
7962,56,1,1162.5124,Minas Gerais,353530
6309,25,2,0.0,São Paulo,351877
8611,30,2,0.0,Rio de Janeiro,354179
5012,40,2,0.0,São Paulo,350580
7750,25,2,0.0,São Paulo,353318
5979,24,2,1482.9859,São Paulo,351547
4048,63,2,0.0,São Paulo,349616
4899,32,1,1921.2284,São Paulo,350467
1318,43,3,0.0,São Paulo,346886
9772,30,2,844.4010000000002,Minas Gerais,355340
9137,38,1,1359.1933,São Paulo,354705
7142,63,2,1316.2917000000002,Rio de Janeiro,352710
1897,37,2,0.0,Rio de Janeiro,347465
7465,30,1,1101.5327,Minas Gerais,353033
603,30,1,0.0,São Paulo,346171
2846,39,2,1424.0643,Minas Gerais,348414
8207,63,2,1207.8718,Rio de Janeiro,353775
393,38,2,0.0,Rio de Janeiro,345961
4436,26,1,2059.62,São Paulo,350004
9447,41,2,0.0,São Paulo,355015
7234,35,1,1245.8069,Rio de Janeiro,352802
5398,44,1,1111.0098,Minas Gerais,350966
95,35,1,1762.7395,Rio de Janeiro,345663
1662,40,1,1390.2224,Minas Gerais,347230
8970,61,2,0.0,Rio de Janeiro,354538
5130,38,2,1639.6569,Minas Gerais,350698
1488,30,4,1213.4588,Rio de Janeiro,347056
8316,53,2,0.0,São Paulo,353884
2707,38,1,1043.3956,São Paulo,348275
1595,38,2,0.0,São Paulo,347163
9277,29,1,0.0,São Paulo,354845
2377,50,2,947.4876,São Paulo,347945
5140,29,2,1057.6728,São Paulo,350708
6147,31,2,1372.6045,Minas Gerais,351715
8241,32,2,0.0,São Paulo,353809
3948,58,2,1223.307,Rio de Janeiro,349516
3933,37,2,984.0061,São Paulo,349501
4797,32,1,964.0898,Minas Gerais,350365
4372,31,1,884.2180999999998,São Paulo,349940
9862,27,2,0.0,São Paulo,355430
8242,50,1,0.0,São Paulo,353810
3448,31,1,1253.4169,Rio de Janeiro,349016
2943,41,1,0.0,São Paulo,348511
2465,32,1,951.5377,Rio de Janeiro,348033
8582,32,1,1344.4604000000004,Rio de Janeiro,354150
5506,34,2,658.1235,Rio de Janeiro,351074
2698,28,3,0.0,São Paulo,348266
2447,26,1,752.3753999999999,São Paulo,348015
19,24,2,0.0,São Paulo,345587
2748,48,1,1281.4017,Minas Gerais,348316
5399,35,1,1029.1838,Rio de Janeiro,350967
8078,50,2,0.0,São Paulo,353646
6871,48,1,1205.6841,Minas Gerais,352439
4708,44,2,0.0,Rio de Janeiro,350276
9476,48,1,1382.3224,Minas Gerais,355044
809,37,1,958.456,São Paulo,346377
7477,56,1,1199.6345,São Paulo,353045
2273,27,1,1238.2607,Rio de Janeiro,347841
1923,36,1,1480.6189000000004,São Paulo,347491
1470,31,2,615.9214,Minas Gerais,347038
7934,31,1,1328.7655,Rio de Janeiro,353502
7407,22,2,0.0,São Paulo,352975
2406,32,1,716.6774,Rio de Janeiro,347974
1142,41,2,0.0,Rio de Janeiro,346710
1747,34,1,743.0980999999998,Minas Gerais,347315
5709,39,1,0.0,São Paulo,351277
4975,39,2,0.0,São Paulo,350543
7300,45,1,1239.4975,Minas Gerais,352868
8148,47,1,860.0621000000001,Rio de Janeiro,353716
2833,40,1,0.0,Rio de Janeiro,348401
3131,39,2,1269.3598,Minas Gerais,348699
1310,27,1,909.7185,Minas Gerais,346878
8650,27,2,0.0,São Paulo,354218
6774,48,2,0.0,São Paulo,352342
6756,39,2,1171.0326,São Paulo,352324
620,35,1,1141.9324,São Paulo,346188
2701,31,2,0.0,São Paulo,348269
2199,29,1,1413.8906,São Paulo,347767
6196,29,1,951.6755,São Paulo,351764
8824,35,2,0.0,Rio de Janeiro,354392
1046,42,1,0.0,Rio de Janeiro,346614
5768,36,1,1545.257,São Paulo,351336
9947,34,2,835.0311,São Paulo,355515
9019,34,2,0.0,São Paulo,354587
743,49,3,889.1537,São Paulo,346311
222,42,2,0.0,São Paulo,345790
3149,34,1,1174.5147,Rio de Janeiro,348717
625,35,1,1103.4982,Rio de Janeiro,346193
9334,25,2,0.0,Rio de Janeiro,354902
7566,36,1,779.675,Rio de Janeiro,353134
4582,37,2,0.0,São Paulo,350150
5711,35,1,1045.081,São Paulo,351279
3284,48,1,1365.9685,São Paulo,348852
7585,40,1,0.0,São Paulo,353153
9646,71,1,696.0814,Rio de Janeiro,355214
1530,26,2,1075.0893,São Paulo,347098
9685,45,1,1388.2519,São Paulo,355253
353,25,2,0.0,Rio de Janeiro,345921
2474,37,2,0.0,São Paulo,348042
8013,32,1,849.0645,São Paulo,353581
6475,41,1,805.4281,Minas Gerais,352043
6449,45,2,1165.4659,Minas Gerais,352017
239,28,2,811.7383,São Paulo,345807
2625,29,1,1297.5068,Minas Gerais,348193
9786,34,2,1429.2916,Minas Gerais,355354
7198,33,1,882.946,São Paulo,352766
7692,74,1,1088.917,Minas Gerais,353260
2997,26,1,1061.985,São Paulo,348565
6440,47,1,1486.3620999999996,São Paulo,352008
4562,36,2,1178.6485,Minas Gerais,350130
8614,32,1,1519.2294,Minas Gerais,354182
1479,32,2,1310.8166,Minas Gerais,347047
1018,45,1,1039.0986,Minas Gerais,346586
3094,25,2,1743.3035,Minas Gerais,348662
6182,37,2,0.0,São Paulo,351750
4960,42,2,0.0,São Paulo,350528
8492,28,2,1147.3176,São Paulo,354060
1103,32,2,1234.0385,Minas Gerais,346671
6081,52,1,935.9047,São Paulo,351649
9525,46,1,1502.1371,São Paulo,355093
5190,36,2,0.0,Rio de Janeiro,350758
4181,26,1,1395.8457,Rio de Janeiro,349749
4467,31,2,0.0,São Paulo,350035
1626,28,2,0.0,São Paulo,347194
6717,58,1,2161.0988,Rio de Janeiro,352285
3798,43,2,0.0,Rio de Janeiro,349366
3053,34,2,0.0,São Paulo,348621
2867,27,1,0.0,Rio de Janeiro,348435
1432,44,1,0.0,Rio de Janeiro,347000
7983,36,1,1149.9742,São Paulo,353551
9346,41,1,0.0,São Paulo,354914
9419,26,1,574.2262000000002,Minas Gerais,354987
4076,50,1,0.0,São Paulo,349644
217,33,2,0.0,Rio de Janeiro,345785
3555,36,1,1569.4841,São Paulo,349123
7936,22,2,0.0,São Paulo,353504
8421,43,1,1287.6032,São Paulo,353989
1034,46,2,0.0,São Paulo,346602
3773,35,3,0.0,São Paulo,349341
4132,28,1,841.2103999999998,Rio de Janeiro,349700
2335,48,2,1104.6325,Minas Gerais,347903
6492,35,2,824.5396000000002,Minas Gerais,352060
1482,26,1,974.601,São Paulo,347050
906,33,1,1749.1272,São Paulo,346474
6088,30,2,0.0,São Paulo,351656
6466,32,1,1396.2601000000002,Minas Gerais,352034
5676,26,2,0.0,São Paulo,351244
2770,32,2,0.0,São Paulo,348338
1805,31,2,1489.1372,Minas Gerais,347373
7374,38,1,1165.2028,Minas Gerais,352942
2114,33,1,0.0,Rio de Janeiro,347682
4534,41,2,0.0,São Paulo,350102
2531,47,1,1488.2632,Minas Gerais,348099
8525,29,1,1401.7061,São Paulo,354093
3470,36,2,0.0,São Paulo,349038
1402,29,1,1303.0649,São Paulo,346970
852,41,1,1538.9565,Minas Gerais,346420
3082,44,1,1368.3648999999998,São Paulo,348650
8024,30,1,1446.8403,São Paulo,353592
7565,52,1,1053.5581,São Paulo,353133
5529,34,2,1339.3604,São Paulo,351097
7854,49,2,0.0,Rio de Janeiro,353422
4932,29,1,1578.2912,São Paulo,350500
5159,69,1,1837.4498,Rio de Janeiro,350727
9715,34,2,0.0,Rio de Janeiro,355283
3846,48,2,0.0,São Paulo,349414
6483,41,2,1479.7416,Minas Gerais,352051
747,46,1,1776.1971,Rio de Janeiro,346315
3034,36,1,898.0014,São Paulo,348602
347,59,1,1703.3137,Minas Gerais,345915
3351,34,1,1763.1136,Minas Gerais,348919
2864,37,1,1533.6613,Minas Gerais,348432
2167,33,2,1265.8881,São Paulo,347735
6954,38,1,0.0,São Paulo,352522
6209,40,1,776.4199000000001,São Paulo,351777
2777,61,1,1253.9721,Minas Gerais,348345
1441,44,1,0.0,Rio de Janeiro,347009
5657,30,1,909.6349,São Paulo,351225
9657,32,1,831.6165,São Paulo,355225
3027,42,1,1377.8165,São Paulo,348595
6117,37,2,0.0,Rio de Janeiro,351685
2483,37,2,0.0,São Paulo,348051
2882,37,2,0.0,São Paulo,348450
5561,56,1,0.0,Rio de Janeiro,351129
763,21,1,1142.9248,Minas Gerais,346331
6481,39,2,1360.0045,Minas Gerais,352049
1616,49,2,0.0,São Paulo,347184
1222,46,1,657.3341,São Paulo,346790
8664,48,2,0.0,Rio de Janeiro,354232
6221,45,3,1646.4951999999996,São Paulo,351789
1576,40,2,956.2436,São Paulo,347144
9391,61,2,0.0,Rio de Janeiro,354959
6350,48,1,1115.9932,Minas Gerais,351918
3782,44,1,1388.437,Minas Gerais,349350
4374,41,2,1128.7119,Minas Gerais,349942
708,35,2,0.0,São Paulo,346276
509,37,2,0.0,Rio de Janeiro,346077
2954,33,2,0.0,São Paulo,348522
7537,38,1,0.0,São Paulo,353105
6338,39,1,1029.4501,Minas Gerais,351906
8922,35,2,1298.4775,Minas Gerais,354490
7063,76,2,1303.3484,Minas Gerais,352631
7162,34,1,1324.3999,Rio de Janeiro,352730
7371,30,2,1539.7289,São Paulo,352939
6828,34,2,1626.9116,Minas Gerais,352396
3615,46,3,1349.5019,São Paulo,349183
4656,38,1,1348.8753,São Paulo,350224
6975,38,1,1154.6316,Rio de Janeiro,352543
4350,36,2,0.0,Rio de Janeiro,349918
711,35,1,1162.6901,Minas Gerais,346279
6478,35,1,1020.5047,São Paulo,352046
9129,40,1,616.7119,Rio de Janeiro,354697
8204,34,1,1323.5269,São Paulo,353772
9203,51,2,0.0,Rio de Janeiro,354771
712,38,1,1205.9921000000004,Rio de Janeiro,346280
9112,73,1,0.0,São Paulo,354680
1245,44,1,815.5392999999998,São Paulo,346813
9785,27,2,1558.7909,São Paulo,355353
6848,33,2,656.6778999999998,São Paulo,352416
5133,37,1,1184.3394,Rio de Janeiro,350701
715,34,2,0.0,São Paulo,346283
3463,43,1,1333.7941,Minas Gerais,349031
4394,24,2,1076.3797,Minas Gerais,349962
4568,32,1,401.7291,Minas Gerais,350136
8803,41,1,1350.7112,São Paulo,354371
8489,41,2,0.0,São Paulo,354057
7701,29,1,866.1635000000001,São Paulo,353269
212,41,2,0.0,São Paulo,345780
9767,33,1,1174.1395,São Paulo,355335
6838,29,2,0.0,São Paulo,352406
1010,40,1,0.0,São Paulo,346578
323,31,2,0.0,São Paulo,345891
5396,42,2,1616.5137,São Paulo,350964
5990,32,2,1253.2184,São Paulo,351558
3172,32,1,1321.7867,Minas Gerais,348740
334,37,1,1082.6937,Rio de Janeiro,345902
8305,58,3,0.0,São Paulo,353873
2210,34,3,1271.2279,Minas Gerais,347778
4271,33,2,0.0,São Paulo,349839
6740,40,1,1471.7120000000002,Minas Gerais,352308
233,20,2,1197.1425,Minas Gerais,345801
5950,57,3,1122.816,Minas Gerais,351518
5737,35,2,1174.3892,Minas Gerais,351305
7921,35,2,0.0,Rio de Janeiro,353489
2348,45,1,1292.0948,São Paulo,347916
2036,34,1,1474.2244,Rio de Janeiro,347604
7484,35,1,0.0,São Paulo,353052
6006,31,2,0.0,São Paulo,351574
4553,30,2,0.0,São Paulo,350121
8072,51,1,1267.2525,Minas Gerais,353640
1458,25,2,782.4730999999998,São Paulo,347026
3288,30,1,1074.997,São Paulo,348856
3064,35,2,1100.4693,Rio de Janeiro,348632
9436,38,3,0.0,São Paulo,355004
774,49,2,1135.9974,Minas Gerais,346342
6832,21,2,870.9682,Minas Gerais,352400
871,45,3,1298.1839,Minas Gerais,346439
8749,47,2,0.0,São Paulo,354317
1263,42,1,1656.7992000000004,São Paulo,346831
4833,32,1,1917.7565,São Paulo,350401
3894,37,1,1570.8499,Rio de Janeiro,349462
6323,34,1,1223.595,São Paulo,351891
9212,37,2,0.0,São Paulo,354780
7019,36,1,1526.0682000000004,São Paulo,352587
1220,33,2,1151.8284,Minas Gerais,346788
1446,33,1,1457.3183,São Paulo,347014
3184,55,1,1543.9343,Minas Gerais,348752
408,37,2,1529.5829,Minas Gerais,345976
4344,26,2,1020.7367,São Paulo,349912
3021,36,1,1162.7512,São Paulo,348589
2303,45,1,1246.9348,Rio de Janeiro,347871
6271,49,1,2029.0464,São Paulo,351839
8280,53,2,0.0,Rio de Janeiro,353848
6641,33,2,0.0,Rio de Janeiro,352209
6955,35,1,1272.9061,Rio de Janeiro,352523
2109,41,2,0.0,Rio de Janeiro,347677
5351,41,1,1242.2714,Minas Gerais,350919
9683,32,2,0.0,São Paulo,355251
8343,49,1,1329.3489000000004,Minas Gerais,353911
4549,59,2,0.0,São Paulo,350117
1880,36,2,1403.5556,Minas Gerais,347448
5945,40,2,0.0,São Paulo,351513
1737,39,1,0.0,Rio de Janeiro,347305
7793,56,2,1382.2719,São Paulo,353361
5212,55,1,1551.9617,Minas Gerais,350780
3208,36,1,1434.2174,Minas Gerais,348776
7082,36,2,0.0,São Paulo,352650
2055,38,1,1135.9942,Minas Gerais,347623
1688,41,2,0.0,São Paulo,347256
4779,40,3,1478.5682000000004,Minas Gerais,350347
7475,31,1,1561.1124,São Paulo,353043
7876,45,1,0.0,São Paulo,353444
6749,24,1,792.6389999999999,Rio de Janeiro,352317
8555,25,1,1114.3213,Minas Gerais,354123
8122,53,1,454.7228,São Paulo,353690
6990,41,2,0.0,São Paulo,352558
8266,35,2,0.0,São Paulo,353834
8539,25,1,1377.1201,Minas Gerais,354107
3392,33,1,967.5942,Minas Gerais,348960
6325,59,1,1085.8535000000004,Minas Gerais,351893
3528,28,1,615.8197,São Paulo,349096
4604,25,1,0.0,São Paulo,350172
7023,29,2,1442.876,Minas Gerais,352591
6321,47,1,1178.7932,São Paulo,351889
745,40,2,0.0,São Paulo,346313
710,48,1,1481.1648,São Paulo,346278
379,39,3,0.0,Rio de Janeiro,345947
8782,27,2,0.0,Rio de Janeiro,354350
3011,30,1,0.0,Rio de Janeiro,348579
8858,37,2,0.0,Rio de Janeiro,354426
7152,46,1,0.0,São Paulo,352720
8566,39,1,0.0,São Paulo,354134
3497,63,2,1653.5060999999996,São Paulo,349065
3889,39,2,0.0,São Paulo,349457
4484,37,2,0.0,São Paulo,350052
4011,33,1,1240.6732000000004,Minas Gerais,349579
2619,49,1,0.0,Rio de Janeiro,348187
6670,43,2,0.0,Rio de Janeiro,352238
6512,24,2,1336.2809,São Paulo,352080
3467,42,2,985.4862,Minas Gerais,349035
1313,38,2,0.0,São Paulo,346881
8605,49,2,0.0,São Paulo,354173
2069,28,1,1086.01,Minas Gerais,347637
2982,43,2,0.0,Rio de Janeiro,348550
5914,27,2,1175.7835,Minas Gerais,351482
9170,30,3,0.0,São Paulo,354738
1285,63,1,1622.7832,Rio de Janeiro,346853
8990,28,2,1099.6006,Minas Gerais,354558
8429,28,2,1011.0022,Minas Gerais,353997
1349,43,1,0.0,Rio de Janeiro,346917
2611,42,1,1080.1078,São Paulo,348179
9494,43,2,1196.5444,Minas Gerais,355062
3668,44,1,1223.145,Minas Gerais,349236
2221,35,1,1322.5322,Minas Gerais,347789
427,45,1,807.9358,São Paulo,345995
653,48,1,1339.9452,Minas Gerais,346221
9913,44,1,1338.6622,São Paulo,355481
3535,37,1,949.0109,Rio de Janeiro,349103
7736,41,1,1309.3183,São Paulo,353304
3245,45,1,1090.3223,Minas Gerais,348813
4740,30,1,1038.0497,São Paulo,350308
9068,38,2,0.0,São Paulo,354636
4099,34,1,1508.5679,São Paulo,349667
4100,37,1,1467.4807,Minas Gerais,349668
6959,46,1,1065.2149,Rio de Janeiro,352527
611,27,2,0.0,São Paulo,346179
4288,31,1,612.1118,Minas Gerais,349856
8570,28,1,1245.4028,São Paulo,354138
9712,32,2,0.0,São Paulo,355280
1543,69,1,1639.7509,Rio de Janeiro,347111
9535,41,1,1328.3807000000004,Rio de Janeiro,355103
3853,43,2,846.7316999999998,Minas Gerais,349421
554,33,1,1298.3467,Minas Gerais,346122
6365,48,2,1182.0769,Rio de Janeiro,351933
511,38,2,865.6976,Minas Gerais,346079
3206,60,1,1137.1536,Minas Gerais,348774
8084,28,1,966.7971,Minas Gerais,353652
967,34,2,0.0,Rio de Janeiro,346535
6043,31,2,0.0,São Paulo,351611
6879,25,1,909.2075,São Paulo,352447
6775,48,1,0.0,São Paulo,352343
3295,19,1,0.0,Rio de Janeiro,348863
8701,37,1,0.0,São Paulo,354269
3429,43,1,791.2027,Minas Gerais,348997
8870,42,1,1875.3479,São Paulo,354438
6962,26,1,1023.9579,Minas Gerais,352530
2088,41,2,1504.6310999999996,Minas Gerais,347656
8499,35,2,1219.6811,Minas Gerais,354067
6162,34,1,840.0947,São Paulo,351730
3210,53,1,1093.3006,Rio de Janeiro,348778
9200,30,1,0.0,São Paulo,354768
6605,33,2,0.0,Rio de Janeiro,352173
1109,31,2,0.0,São Paulo,346677
5728,41,2,0.0,São Paulo,351296
7829,36,2,683.4817999999998,São Paulo,353397
1038,30,1,831.8128999999999,São Paulo,346606
1194,24,2,0.0,São Paulo,346762
4474,36,1,0.0,São Paulo,350042
9874,44,2,0.0,São Paulo,355442
2122,32,1,1780.9554999999998,Rio de Janeiro,347690
4982,30,2,0.0,São Paulo,350550
8973,33,1,1223.94,Minas Gerais,354541
5700,41,4,0.0,São Paulo,351268
934,37,3,0.0,Rio de Janeiro,346502
6101,32,1,0.0,Rio de Janeiro,351669
4689,45,1,1398.2556,Rio de Janeiro,350257
394,24,1,973.7854,Rio de Janeiro,345962
4685,42,1,1905.6923,Rio de Janeiro,350253
8776,44,2,0.0,Rio de Janeiro,354344
9165,46,1,1417.2688,Minas Gerais,354733
5980,31,2,0.0,Rio de Janeiro,351548
9942,25,1,1131.1312,Minas Gerais,355510
2191,47,1,1185.6,Rio de Janeiro,347759
1297,34,2,0.0,São Paulo,346865
5044,30,2,1110.9978999999996,São Paulo,350612
1162,30,1,0.0,São Paulo,346730
4254,27,2,1235.9949,Minas Gerais,349822
6372,47,2,1257.2495,São Paulo,351940
1527,35,1,1240.9854,Minas Gerais,347095
4342,30,1,1353.7012,Rio de Janeiro,349910
2030,28,2,0.0,Rio de Janeiro,347598
3060,43,2,0.0,São Paulo,348628
58,66,1,0.0,Rio de Janeiro,345626
2405,35,1,0.0,São Paulo,347973
5006,37,2,1138.6523,Minas Gerais,350574
6157,29,2,0.0,São Paulo,351725
7375,77,2,809.2602,São Paulo,352943
4506,66,1,0.0,Rio de Janeiro,350074
5214,57,2,1133.8636,Minas Gerais,350782
6029,44,1,235.0331,São Paulo,351597
1780,33,2,0.0,São Paulo,347348
5447,50,1,945.0435,Minas Gerais,351015
4606,55,4,0.0,São Paulo,350174
6914,40,1,1455.369,São Paulo,352482
676,38,2,887.3644,Rio de Janeiro,346244
3582,35,1,0.0,São Paulo,349150
3653,46,1,744.5825,Minas Gerais,349221
7920,34,1,1411.7303,São Paulo,353488
9499,25,2,940.4992,Minas Gerais,355067
2732,48,1,1080.7633,Minas Gerais,348300
4787,42,1,1574.989,São Paulo,350355
2754,42,1,0.0,São Paulo,348322
2337,35,2,0.0,Rio de Janeiro,347905
3643,45,1,1467.5824,São Paulo,349211
7737,30,1,1378.5131,São Paulo,353305
5516,37,1,966.5103,São Paulo,351084
5246,32,2,1365.5501000000004,São Paulo,350814
866,38,2,882.9313000000002,São Paulo,346434
4447,50,1,1090.6228,Minas Gerais,350015
5071,35,2,1068.3667,São Paulo,350639
4881,31,2,0.0,São Paulo,350449
9510,26,2,1659.4798999999996,São Paulo,355078
3002,32,2,1043.3643,Minas Gerais,348570
2225,38,2,1253.8549,Minas Gerais,347793
9056,46,2,1194.9288,Minas Gerais,354624
4826,24,1,1461.2675,São Paulo,350394
7621,39,2,0.0,São Paulo,353189
9689,57,2,1113.5955,São Paulo,355257
5500,47,1,970.2321,São Paulo,351068
9700,36,2,1436.8047,Rio de Janeiro,355268
8478,66,2,0.0,São Paulo,354046
5502,40,1,1133.485,Rio de Janeiro,351070
1210,51,3,0.0,São Paulo,346778
9083,40,2,0.0,Rio de Janeiro,354651
2288,30,1,707.2917,São Paulo,347856
2183,38,2,722.8684,São Paulo,347751
2862,33,1,1495.6461,Minas Gerais,348430
6861,41,1,1031.5466,Rio de Janeiro,352429
2362,45,1,1229.1771,Minas Gerais,347930
8463,49,1,0.0,Rio de Janeiro,354031
6332,35,1,904.1312,São Paulo,351900
4064,39,3,1322.8792,Minas Gerais,349632
9546,29,2,0.0,São Paulo,355114
617,62,1,1407.4533,Minas Gerais,346185
3281,32,2,1086.9896,São Paulo,348849
5226,39,1,1112.3309,Rio de Janeiro,350794
3397,33,2,1321.5026,São Paulo,348965
3065,42,1,1044.3008,São Paulo,348633
766,82,2,0.0,São Paulo,346334
7078,67,2,1494.3673,São Paulo,352646
5279,40,1,1004.7134,Rio de Janeiro,350847
4149,39,1,1609.0320000000004,São Paulo,349717
1144,43,1,1489.6276,Minas Gerais,346712
4248,26,2,862.7093,São Paulo,349816
4110,40,2,0.0,São Paulo,349678
462,25,2,1087.3871,Rio de Janeiro,346030
2932,54,1,0.0,São Paulo,348500
4623,24,1,1109.4941,São Paulo,350191
3813,73,1,1377.6155,Rio de Janeiro,349381
6308,52,2,977.2035,Minas Gerais,351876
4341,35,2,1665.1863,Minas Gerais,349909
5300,33,2,847.1913000000002,São Paulo,350868
6804,30,2,0.0,São Paulo,352372
3282,39,1,1126.8769,São Paulo,348850
2574,51,2,1106.1041,Minas Gerais,348142
7961,38,2,1547.6320999999996,São Paulo,353529
7879,44,1,764.9504,São Paulo,353447
828,31,2,1123.7349000000004,Minas Gerais,346396
6486,40,2,0.0,São Paulo,352054
7599,45,1,1586.2104000000004,São Paulo,353167
2540,45,1,1112.5759,Minas Gerais,348108
5746,41,1,1503.0284,Rio de Janeiro,351314
8526,27,1,620.929,São Paulo,354094
9566,37,2,1172.718,São Paulo,355134
3742,39,2,1018.518,Minas Gerais,349310
7498,36,2,1265.9899,São Paulo,353066
3524,35,2,1156.516,São Paulo,349092
20,41,2,0.0,São Paulo,345588
1915,25,1,0.0,Rio de Janeiro,347483
6571,46,1,0.0,São Paulo,352139
9018,67,3,0.0,São Paulo,354586
2012,74,1,1081.3153,São Paulo,347580
5405,64,2,1757.5487,Minas Gerais,350973
1295,33,1,1512.3362,Rio de Janeiro,346863
3745,37,2,931.2404,Minas Gerais,349313
591,38,1,1348.1129999999996,São Paulo,346159
1406,23,1,1268.7352,Rio de Janeiro,346974
221,30,1,0.0,Rio de Janeiro,345789
5617,43,1,1376.3869,São Paulo,351185
6248,47,2,0.0,São Paulo,351816
4418,47,1,1340.3201,Rio de Janeiro,349986
858,32,1,1475.0625,Rio de Janeiro,346426
1783,38,2,1352.8933,Rio de Janeiro,347351
7259,32,1,1069.5728,Rio de Janeiro,352827
6856,34,1,1255.669,São Paulo,352424
1954,51,2,1743.9721,Rio de Janeiro,347522
1746,59,1,0.0,Rio de Janeiro,347314
3132,39,1,1337.0709,São Paulo,348700
8036,21,2,0.0,Rio de Janeiro,353604
8850,50,4,0.0,Rio de Janeiro,354418
994,43,2,1231.0588,Rio de Janeiro,346562
6108,41,2,588.2032,São Paulo,351676
730,24,1,1473.6,São Paulo,346298
6974,44,2,0.0,São Paulo,352542
6273,43,2,1618.0718,Rio de Janeiro,351841
6751,53,1,1213.8978,São Paulo,352319
3509,37,1,0.0,São Paulo,349077
3533,42,1,0.0,São Paulo,349101
2513,39,2,0.0,São Paulo,348081
5436,34,2,0.0,São Paulo,351004
3625,31,2,557.3292,Rio de Janeiro,349193
465,33,1,899.6869,São Paulo,346033
6755,38,2,1271.178,Rio de Janeiro,352323
6759,92,2,1260.7624,São Paulo,352327
7991,39,2,0.0,Rio de Janeiro,353559
157,28,2,0.0,Rio de Janeiro,345725
3960,47,1,1607.2910000000004,São Paulo,349528
8832,35,2,0.0,São Paulo,354400
5470,25,2,1025.8588,São Paulo,351038
185,32,2,0.0,São Paulo,345753
1002,39,2,508.80980000000005,Minas Gerais,346570
9508,26,2,966.5964,Rio de Janeiro,355076
5623,42,2,0.0,Rio de Janeiro,351191
400,52,1,633.4975,São Paulo,345968
6240,27,1,1522.8339,São Paulo,351808
8940,38,2,0.0,São Paulo,354508
9932,18,2,1347.9687,Rio de Janeiro,355500
7342,30,2,0.0,São Paulo,352910
9832,64,1,1057.3632,Minas Gerais,355400
8466,36,1,1313.0711,São Paulo,354034
8756,37,1,1099.7422,Minas Gerais,354324
7958,34,2,1461.7813,São Paulo,353526
1250,32,1,1752.1471,Minas Gerais,346818
3143,41,2,1420.1576,Minas Gerais,348711
7430,35,2,1359.8415,São Paulo,352998
59,51,1,406.8592,São Paulo,345627
7855,59,2,1526.1451000000004,Minas Gerais,353423
1113,21,1,1323.1206,Minas Gerais,346681
3057,33,1,1230.8208,São Paulo,348625
9569,30,2,0.0,Rio de Janeiro,355137
1328,62,1,1182.3381,Minas Gerais,346896
4995,36,2,0.0,São Paulo,350563
6682,29,2,1972.0004,Rio de Janeiro,352250
2072,36,2,0.0,São Paulo,347640
4793,41,1,0.0,São Paulo,350361
6829,43,1,1278.0691,São Paulo,352397
9629,44,1,1212.5004,Rio de Janeiro,355197
8218,40,2,0.0,São Paulo,353786
7567,44,4,0.0,São Paulo,353135
5922,44,3,1057.707,São Paulo,351490
1550,54,2,0.0,Rio de Janeiro,347118
1009,71,1,0.0,Rio de Janeiro,346577
3755,29,1,0.0,São Paulo,349323
8681,40,2,0.0,São Paulo,354249
9342,28,2,0.0,São Paulo,354910
8009,34,1,1125.7239,São Paulo,353577
3860,34,1,1107.1738,São Paulo,349428
3148,39,2,1306.9489,São Paulo,348716
2519,62,2,1670.2660999999996,Rio de Janeiro,348087
3127,33,1,1151.3034,Minas Gerais,348695
9084,47,1,0.0,Rio de Janeiro,354652
5316,40,1,1056.8363,Rio de Janeiro,350884
1195,43,1,0.0,São Paulo,346763
9050,33,2,1245.7333,Minas Gerais,354618
879,45,2,1055.2565,São Paulo,346447
6989,36,2,0.0,São Paulo,352557
2487,32,1,0.0,São Paulo,348055
2840,40,2,0.0,Rio de Janeiro,348408
4329,60,2,0.0,Rio de Janeiro,349897
2930,42,1,1159.3087,Minas Gerais,348498
6424,43,2,0.0,São Paulo,351992
2485,38,1,1422.6345,São Paulo,348053
5747,34,1,1086.5393,Rio de Janeiro,351315
883,45,1,451.4443,São Paulo,346451
4914,47,2,915.2204,Minas Gerais,350482
6210,30,2,0.0,Rio de Janeiro,351778
9578,34,2,1177.3179,São Paulo,355146
211,31,2,0.0,São Paulo,345779
2275,48,2,0.0,São Paulo,347843
2328,29,2,0.0,Rio de Janeiro,347896
4950,45,1,536.6744,Minas Gerais,350518
3319,35,1,1188.9422,São Paulo,348887
9834,46,1,622.1229,São Paulo,355402
4607,51,1,0.0,São Paulo,350175
1438,56,1,1042.173,Minas Gerais,347006
467,38,3,1308.7875,Minas Gerais,346035
5466,32,1,1377.1425,Minas Gerais,351034
3329,43,2,0.0,São Paulo,348897
5828,37,3,0.0,Rio de Janeiro,351396
8607,38,2,716.6797,Minas Gerais,354175
696,62,1,641.1938,Rio de Janeiro,346264
7267,31,1,1115.8967,Minas Gerais,352835
9144,43,1,1053.015,Minas Gerais,354712
8180,42,1,1124.1992,São Paulo,353748
9938,36,1,911.3218,Rio de Janeiro,355506
1314,54,1,0.0,São Paulo,346882
2301,61,2,0.0,São Paulo,347869
2039,64,1,1452.1543,Minas Gerais,347607
7108,37,2,1377.9417999999996,Rio de Janeiro,352676
3666,21,2,0.0,Rio de Janeiro,349234
914,35,1,1245.2552,São Paulo,346482
12,34,2,0.0,São Paulo,345580
8583,38,1,1422.8928,São Paulo,354151
6427,37,2,0.0,São Paulo,351995
1536,34,2,0.0,São Paulo,347104
736,67,1,1518.5898000000002,Rio de Janeiro,346304
8201,49,1,823.2188000000001,Rio de Janeiro,353769
8652,43,1,1106.4654,Rio de Janeiro,354220
453,44,1,1394.3237,Rio de Janeiro,346021
4345,46,1,970.426,Minas Gerais,349913
927,38,1,1301.7082,Minas Gerais,346495
6291,24,2,0.0,Rio de Janeiro,351859
8281,40,1,286.4964,Rio de Janeiro,353849
8722,35,1,876.1928999999999,São Paulo,354290
6473,22,2,0.0,São Paulo,352041
37,33,1,765.4860000000001,Rio de Janeiro,345605
5770,51,1,1006.548,São Paulo,351338
2554,30,1,1451.2785,Rio de Janeiro,348122
7632,43,1,2024.4347,São Paulo,353200
9998,42,2,750.7531,Minas Gerais,355566
6620,36,2,0.0,São Paulo,352188
940,35,1,1065.1852,Rio de Janeiro,346508
7398,40,1,1115.2449,Minas Gerais,352966
6128,35,2,0.0,São Paulo,351696
9829,38,1,1153.4155,São Paulo,355397
2680,39,2,0.0,São Paulo,348248
4354,45,1,0.0,Rio de Janeiro,349922
3058,58,2,0.0,Rio de Janeiro,348626
7880,38,2,0.0,São Paulo,353448
738,46,2,0.0,São Paulo,346306
538,62,3,1149.3135,Minas Gerais,346106
3325,32,2,0.0,São Paulo,348893
4239,39,1,1183.3614,São Paulo,349807
1400,27,2,1225.5005,São Paulo,346968
4046,37,2,0.0,São Paulo,349614
5137,51,4,1442.3791,São Paulo,350705
4229,34,2,0.0,São Paulo,349797
4191,36,1,972.3458,São Paulo,349759
9142,35,2,1127.2706,São Paulo,354710
5538,28,2,824.9814,Minas Gerais,351106
2692,31,2,0.0,São Paulo,348260
5340,42,1,0.0,Rio de Janeiro,350908
9917,53,1,1170.0555,Minas Gerais,355485
7670,29,1,1085.4104,São Paulo,353238
9173,43,1,1271.3296,Rio de Janeiro,354741
1807,49,1,0.0,São Paulo,347375
5111,26,2,1380.2379,São Paulo,350679
3989,30,1,1098.053,São Paulo,349557
3455,29,2,0.0,São Paulo,349023
2907,22,2,1008.8593,São Paulo,348475
6651,46,1,955.0221,São Paulo,352219
8287,36,1,1188.5105,São Paulo,353855
6244,20,2,0.0,Rio de Janeiro,351812
2697,48,2,0.0,São Paulo,348265
4016,40,1,1487.9061,São Paulo,349584
4339,43,2,0.0,São Paulo,349907
4645,34,2,0.0,São Paulo,350213
7739,41,1,0.0,Rio de Janeiro,353307
7091,53,1,1062.6163,Minas Gerais,352659
4692,30,2,1136.7218,Rio de Janeiro,350260
1739,23,2,1392.2492000000002,São Paulo,347307
5406,47,1,1093.8733,São Paulo,350974
4588,41,1,1532.3888,São Paulo,350156
3125,26,1,1358.8913,Rio de Janeiro,348693
2157,44,2,0.0,São Paulo,347725
5333,33,1,991.0673,Rio de Janeiro,350901
8636,46,1,997.8607,São Paulo,354204
1825,45,1,1107.6568,Minas Gerais,347393
4230,41,3,0.0,São Paulo,349798
3487,31,1,412.9903,São Paulo,349055
9053,35,2,0.0,São Paulo,354621
9768,54,2,1379.8657999999998,Minas Gerais,355336
3647,67,1,942.038,São Paulo,349215
5902,40,2,0.0,São Paulo,351470
6385,32,2,1063.0185,Minas Gerais,351953
5638,38,2,0.0,São Paulo,351206
6423,41,1,1151.4468,Rio de Janeiro,351991
7826,51,1,1165.7484,Minas Gerais,353394
7743,35,1,1229.1769,Minas Gerais,353311
3012,41,1,1154.6528,São Paulo,348580
7671,39,1,0.0,São Paulo,353239
9548,43,2,0.0,São Paulo,355116
9977,32,2,0.0,São Paulo,355545
3080,28,2,0.0,Rio de Janeiro,348648
3520,43,2,0.0,São Paulo,349088
4978,35,1,1278.0188,Minas Gerais,350546
7619,32,2,0.0,São Paulo,353187
4347,24,2,1085.2807,Minas Gerais,349915
8440,33,1,967.6904,Rio de Janeiro,354008
1346,30,1,944.4377,São Paulo,346914
7087,35,1,1556.2107999999996,Rio de Janeiro,352655
8947,43,1,1604.1656,São Paulo,354515
5651,61,1,1251.9396000000004,Minas Gerais,351219
8081,30,1,1066.2949,Minas Gerais,353649
1791,35,2,142.628,Rio de Janeiro,347359
7428,32,2,1002.6288,Rio de Janeiro,352996
9579,45,2,1358.2732999999996,Minas Gerais,355147
9959,38,1,1136.0747,Rio de Janeiro,355527
2270,38,2,887.5894999999998,São Paulo,347838
9766,39,1,952.5272,Minas Gerais,355334
2955,46,1,0.0,São Paulo,348523
3443,46,2,0.0,Rio de Janeiro,349011
7735,41,1,1433.5041,Minas Gerais,353303
833,37,2,1114.3277,Minas Gerais,346401
6498,27,1,1251.6774,São Paulo,352066
2991,49,1,1727.1344,São Paulo,348559
7792,40,2,0.0,São Paulo,353360
2150,38,1,869.7796000000002,São Paulo,347718
4022,44,2,1299.7478999999996,Minas Gerais,349590
7614,37,2,0.0,São Paulo,353182
6123,33,2,0.0,Rio de Janeiro,351691
3338,24,2,0.0,Rio de Janeiro,348906
4343,54,1,928.7733,Minas Gerais,349911
4463,70,3,969.4758,Minas Gerais,350031
2375,39,1,0.0,Rio de Janeiro,347943
9043,39,2,806.1546000000002,Minas Gerais,354611
5570,35,3,1091.9666,Minas Gerais,351138
8598,49,2,0.0,Rio de Janeiro,354166
8503,48,2,0.0,São Paulo,354071
8879,43,2,0.0,São Paulo,354447
1886,39,1,1675.5712,Rio de Janeiro,347454
1197,34,2,0.0,Rio de Janeiro,346765
6426,45,1,1573.3226000000002,Rio de Janeiro,351994
8910,48,1,1435.9587,Minas Gerais,354478
2935,35,2,1009.8839,Rio de Janeiro,348503
6341,40,1,1345.9021,Minas Gerais,351909
1429,26,1,788.9223,São Paulo,346997
6306,33,2,0.0,São Paulo,351874
3649,41,1,1531.9823,São Paulo,349217
1937,30,2,1566.6072,São Paulo,347505
5171,39,2,0.0,São Paulo,350739
7763,36,1,440.5484,Rio de Janeiro,353331
6392,28,2,963.8168,Rio de Janeiro,351960
1153,45,1,1356.43,Minas Gerais,346721
6249,48,2,0.0,São Paulo,351817
7036,37,1,1299.6518,Minas Gerais,352604
4228,37,2,0.0,São Paulo,349796
4974,55,1,1558.2822,Rio de Janeiro,350542
6400,30,2,0.0,Rio de Janeiro,351968
3639,48,1,1151.1538,Minas Gerais,349207
3971,40,1,748.9692,Rio de Janeiro,349539
9593,67,1,1306.5252,São Paulo,355161
3375,58,1,0.0,São Paulo,348943
2486,36,2,0.0,Rio de Janeiro,348054
6953,35,1,1638.5676,Minas Gerais,352521
605,29,1,0.0,São Paulo,346173
7443,24,1,874.1319,São Paulo,353011
5927,43,1,1279.4047,Minas Gerais,351495
2453,59,1,1262.2487,Rio de Janeiro,348021
3608,36,1,0.0,São Paulo,349176
1483,36,2,1040.7719,São Paulo,347051
4518,29,2,0.0,Rio de Janeiro,350086
3037,21,2,0.0,São Paulo,348605
9351,63,1,1232.0488,Minas Gerais,354919
7691,38,1,1329.5192000000004,São Paulo,353259
4115,23,2,1139.2381,São Paulo,349683
1426,39,1,1505.0064000000002,São Paulo,346994
496,32,2,1690.8938,São Paulo,346064
3352,40,2,998.8642,São Paulo,348920
8793,66,2,1032.9125,Minas Gerais,354361
758,37,1,1560.9197,São Paulo,346326
837,56,1,1116.4208,Minas Gerais,346405
4326,27,3,0.0,Rio de Janeiro,349894
2127,34,2,1342.6036,Minas Gerais,347695
1022,48,2,1793.8074,São Paulo,346590
8761,63,2,0.0,Rio de Janeiro,354329
5613,32,1,1278.4938,São Paulo,351181
5580,30,2,0.0,Rio de Janeiro,351148
1057,47,1,1229.4914,São Paulo,346625
9541,38,1,593.6077,São Paulo,355109
6855,41,1,1270.8706,São Paulo,352423
7348,25,2,0.0,Rio de Janeiro,352916
9044,47,1,0.0,Rio de Janeiro,354612
2128,37,2,691.4391,São Paulo,347696
2766,30,1,0.0,São Paulo,348334
2108,74,2,1614.3436,Minas Gerais,347676
3616,60,1,969.561,São Paulo,349184
1544,43,2,0.0,Rio de Janeiro,347112
6913,36,1,2063.2965,São Paulo,352481
1718,32,1,0.0,Rio de Janeiro,347286
7434,35,2,0.0,Rio de Janeiro,353002
7364,34,1,1647.5756,São Paulo,352932
6234,37,2,0.0,São Paulo,351802
724,36,1,975.3025,São Paulo,346292
6672,35,2,0.0,Rio de Janeiro,352240
8028,37,2,0.0,Rio de Janeiro,353596
5491,36,2,1453.8732,Minas Gerais,351059
1127,45,2,1437.3401,Minas Gerais,346695
2956,30,2,0.0,São Paulo,348524
5155,42,2,0.0,São Paulo,350723
4816,29,2,0.0,São Paulo,350384
6201,41,3,0.0,São Paulo,351769
6223,32,1,919.5649,São Paulo,351791
8685,43,2,0.0,São Paulo,354253
7113,24,1,1618.8499,São Paulo,352681
5274,43,2,0.0,São Paulo,350842
8535,43,1,851.6225999999998,Rio de Janeiro,354103
3043,38,1,0.0,São Paulo,348611
6911,54,3,1258.893,Minas Gerais,352479
149,32,2,0.0,São Paulo,345717
7573,37,2,0.0,Rio de Janeiro,353141
4205,38,1,1266.4513,São Paulo,349773
5492,35,1,1246.1623,São Paulo,351060
2689,38,1,0.0,São Paulo,348257
4220,45,1,0.0,Rio de Janeiro,349788
9101,38,2,1157.0267,Rio de Janeiro,354669
841,31,1,1867.9637,São Paulo,346409
8136,38,2,0.0,São Paulo,353704
6437,37,1,1402.1188,São Paulo,352005
9699,23,2,0.0,São Paulo,355267
6199,33,2,0.0,Rio de Janeiro,351767
2794,52,1,596.6943,São Paulo,348362
7625,19,1,1503.4837,Minas Gerais,353193
8474,33,1,725.3544999999998,Rio de Janeiro,354042
7889,57,2,1384.5603,Minas Gerais,353457
6607,41,1,986.121,Minas Gerais,352175
9194,40,1,1243.399,São Paulo,354762
8247,25,2,1142.6885,Minas Gerais,353815
1392,45,2,886.5636999999998,Rio de Janeiro,346960
1921,35,1,1263.9766,São Paulo,347489
7018,50,1,1300.2338,Minas Gerais,352586
3621,36,1,1376.8871,São Paulo,349189
4848,42,2,1467.6672,São Paulo,350416
2291,27,2,907.2152,Rio de Janeiro,347859
2133,32,1,1231.5795,São Paulo,347701
550,36,2,652.5307,Minas Gerais,346118
1740,42,1,1214.5363,São Paulo,347308
5289,19,1,0.0,Rio de Janeiro,350857
1817,36,1,912.8651,Minas Gerais,347385
4698,62,2,0.0,São Paulo,350266
5181,35,1,1284.1545,Rio de Janeiro,350749
3018,27,1,0.0,São Paulo,348586
17,24,2,0.0,Rio de Janeiro,345585
1770,36,1,1185.2025999999996,Rio de Janeiro,347338
1888,60,2,0.0,São Paulo,347456
2152,55,1,1101.2359,São Paulo,347720
1642,62,1,0.0,Rio de Janeiro,347210
7846,27,1,877.3908,São Paulo,353414
4193,45,2,0.0,Rio de Janeiro,349761
9432,28,2,1719.3226000000002,Minas Gerais,355000
8898,40,1,1247.8818,São Paulo,354466
533,35,1,594.0862999999998,Rio de Janeiro,346101
132,38,1,1225.7087,São Paulo,345700
7722,18,1,905.44,Minas Gerais,353290
8458,71,2,0.0,São Paulo,354026
964,43,1,1158.8804,Minas Gerais,346532
8719,44,2,1340.661,São Paulo,354287
6412,53,1,982.6884,Minas Gerais,351980
8285,25,1,0.0,São Paulo,353853
7853,47,1,0.0,São Paulo,353421
1095,29,1,0.0,São Paulo,346663
6929,39,1,1153.4119,Minas Gerais,352497
